SpectrumID	Compound_Name	Ion_Source	Instrument	Compound_Source	PI	Data_Collector	Adduct	Precursor_MZ	ExactMass	Charge	CAS_Number	Pubmed_ID	Smiles	INCHI	INCHI_AUX	Library_Class	IonMode	UpdateWorkflowName	LibraryQualityString	#Scan#	SpectrumFile	LibraryName	MQScore	Organism	TIC_Query	RT_Query	MZErrorPPM	SharedPeaks	MassDiff	LibMZ	SpecMZ	SpecCharge	FileScanUniqueID	NumberHits	tags	MoleculeExplorerDatasets	MoleculeExplorerFiles	molecular_formula	InChIKey	InChIKey-Planar	superclass	class	subclass	npclassifier_superclass	npclassifier_class	npclassifier_pathway
CCMSLIB00011906496	Asperlactone	ESI	Orbitrap	Isolated	Daniel Petras	"""Giovanni Andrea Vitale, Christian Geibel"""	M+Na	207.063	184.074	1	N/A	N/A	CC1C(O1)C2=CC(OC2=O)C(C)O	InChI=1S/C9H12O4/c1-4(10)7-3-6(9(11)13-7)8-5(2)12-8/h3-5,7-8,10H,1-2H3	N/A	1	Positive	UPDATE-SINGLE-ANNOTATED-GOLD	Gold	102	spectra/specs_ms.pklbin	lib-00028.mgf	0.947462	TUEBINGEN-NATURAL-PRODUCT-COLLECTION	2981.75	839.664	217.31599999999997	8	0.044998199999999995	207.063	207.018	1	spectra/specs_ms.pklbin102	1		0	0	C9H12O4	VMLNPJDEXLLCQG-UHFFFAOYSA-N	VMLNPJDEXLLCQG	N/A	N/A	N/A	Cyclic polyketides		Polyketides
CCMSLIB00003138970	Spectral Match to Cholestan-3-one, (5.alpha.)- from NIST14	ESI	QqQ	Isolated	Data from Gabriel Haddad	Data deposited by mjmeehan	M+H-H2O	369.351	0.0	1	566881	N/A	N/A	N/A	N/A	3	Positive	UPDATE-SINGLE-ANNOTATED-BRONZE	Bronze	1036	spectra/specs_ms.pklbin	lib-00018.mgf	0.808543	GNPS-NIST14-MATCHES	3544.78	645.382	75.8496	9	0.0280151	369.351	369.32300000000004	1	spectra/specs_ms.pklbin1036	1		108	7228	N/A	N/A	N/A	N/A	N/A	N/A	N/A	N/A	N/A
CCMSLIB00011427902	CAMPTOTHECIN	ESI	Orbitrap	Commercial	Cech	Vicky Anderson	M+Na	371.1	348.111	1	2114454	N/A	CCC1(C2=C(COC1=O)C(=O)N3CC4=CC5=CC=CC=C5N=C4C3=C2)O	"""InChI=1S/C20H16N2O4/c1-2-20(25)14-8-16-17-12(7-11-5-3-4-6-15(11)21-17)9-22(16)18(23)13(14)10-26-19(20)24/h3-8,25H,2,9-10H2,1H3"""	N/A	1	Positive	UPDATE-SINGLE-ANNOTATED-GOLD	Gold	1048	spectra/specs_ms.pklbin	lib-00015.mgf	0.942227	LEAFBOT	67758.7	4.39015	2.7137700000000002	8	0.00100708	371.1	371.101	1	spectra/specs_ms.pklbin1048	1		0	0	C20H16N2O4	VSJKWCGYPAHWDS-UHFFFAOYSA-N	VSJKWCGYPAHWDS	N/A	N/A	N/A	Tryptophan alkaloids	Pyrroloquinoline alkaloids	Alkaloids
CCMSLIB00011427946	FORSKOLIN	ESI	Orbitrap	Commercial	Cech	Vicky Anderson	M-2H2O+H	375.217	410.23	1	66575-29-9	N/A	CC(=O)OC1C(C2C(CCC(C2(C3(C1(OC(CC3=O)(C)C=C)C)O)C)O)(C)C)O	"""InChI=1S/C22H34O7/c1-8-19(5)11-14(25)22(27)20(6)13(24)9-10-18(3,4)16(20)15(26)17(28-12(2)23)21(22,7)29-19/h8,13,15-17,24,26-27H,1,9-11H2,2-7H3"""	N/A	1	Positive	UPDATE-SINGLE-ANNOTATED-GOLD	Gold	1074	spectra/specs_ms.pklbin	lib-00015.mgf	0.8598290000000001	LEAFBOT	12359.6	552.298	2.68399	13	0.00100708	375.217	375.216	1	spectra/specs_ms.pklbin1074	1		0	0	C22H34O7	OHCQJHSOBUTRHG-UHFFFAOYSA-N	OHCQJHSOBUTRHG	N/A	N/A	N/A	Diterpenoids	Labdane diterpenoids	Terpenoids
CCMSLIB00005745758	Massbank:PR303655 Resibufogenin	ESI	qTof	Isolated	Massbank	Massbank	M+H	385.237	0.0	1	N/A	N/A	C[C@]12CC[C@H]3[C@@H](CC[C@@H]4C[C@@H](O)CC[C@]34C)[C@]11O[C@@H]1C[C@@H]2C1=COC(=O)C=C1	1S/C24H32O4/c1-22-9-7-16(25)11-15(22)4-5-18-17(22)8-10-23(2)19(12-20-24(18,23)28-20)14-3-6-21(26)27-13-14/h3,6,13,15-20,25H,4-5,7-12H2,1-2H3/t15-,16+,17+,18-,19-,20-,22+,23-,24-/m1/s1	N/A	3	Positive	UPDATE-SINGLE-ANNOTATED-BRONZE	Bronze	1126	spectra/specs_ms.pklbin	lib-00050.mgf	0.799313	MASSBANK	3455.03	525.602	0.0	12	0.0	385.237	385.23699999999997	1	spectra/specs_ms.pklbin1126	1		0	0	C24H32O4	ATLJNLYIJOCWJE-CWMZOUAVSA-N	ATLJNLYIJOCWJE	N/A	N/A	N/A	Steroids	Bufadienolides	Terpenoids
CCMSLIB00010108930	bufalin CollisionEnergy:102040	LC-ESI	Orbitrap	Commercial	Trent Northen	JGI	M+H	387.253	0.0	1	N/A	N/A	CC12CCC(O)CC1CCC1C2CCC2(C)C(c3ccc(=O)oc3)CCC12O	"""InChI=1S/C24H34O4/c1-22-10-7-17(25)13-16(22)4-5-20-19(22)8-11-23(2)18(9-12-24(20,23)27)15-3-6-21(26)28-14-15/h3,6,14,16-20,25,27H,4-5,7-13H2,1-2H3/t16-,17+,18+,19+,20-,22+,23-,24-/m1/s1"""	N/A	3	Positive	UPDATE-SINGLE-ANNOTATED-BRONZE	Bronze	1146	spectra/specs_ms.pklbin	lib-00011.mgf	0.863658	BERKELEY-LAB	7256.36	483.21	0.0	14	0.0	387.253	387.25300000000004	1	spectra/specs_ms.pklbin1146	1		0	0	C24H34O4	QEEBRPGZBVVINN-UHFFFAOYSA-N	QEEBRPGZBVVINN	N/A	N/A	N/A	Steroids	Bufadienolides	Terpenoids
CCMSLIB00004693867	Dehydrorotenone	N/A	ESI-QFT	isolated	MoNA	MoNA:VF-NPL-QEHF002804	[M+H]+	393.133	0.0	1	N/A	N/A	C=C(C)C1Cc2c(ccc3c(=O)c4c(oc23)COc2cc(OC)c(OC)cc2-4)O1	InChI=1S/C23H20O6/c1-11(2)16-8-14-15(28-16)6-5-12-22(24)21-13-7-18(25-3)19(26-4)9-17(13)27-10-20(21)29-23(12)14/h5-7,9,16H,1,8,10H2,2-4H3	N/A	3	positive	UPDATE-SINGLE-ANNOTATED-BRONZE	Bronze	1186	spectra/specs_ms.pklbin	lib-00003.mgf	0.732274	MONA	14533.0	543.776	0.0	8	0.0	393.133	393.13300000000004	1	spectra/specs_ms.pklbin1186	1		0	0	C23H20O6	GFERNZCCTZEIET-UHFFFAOYSA-N	GFERNZCCTZEIET	N/A	N/A	N/A	Isoflavonoids	Rotenoids	Shikimates and Phenylpropanoids
CCMSLIB00010116502	forskolin CollisionEnergy:205060	LC-ESI	Orbitrap	Commercial	Trent Northen	JGI	M+H-H2O	393.227	0.0	1	N/A	N/A	C=CC1(C)CC(=O)C2(O)C(C)(O1)C(OC(C)=O)C(O)C1C(C)(C)CCC(O)C12C	"""InChI=1S/C22H34O7/c1-8-19(5)11-14(25)22(27)20(6)13(24)9-10-18(3,4)16(20)15(26)17(28-12(2)23)21(22,7)29-19/h8,13,15-17,24,26-27H,1,9-11H2,2-7H3/t13-,15-,16-,17-,19-,20-,21+,22-/m0/s1"""	N/A	3	Positive	UPDATE-SINGLE-ANNOTATED-BRONZE	Bronze	1194	spectra/specs_ms.pklbin	lib-00011.mgf	0.8363510000000001	BERKELEY-LAB	2994.31	552.577	0.0	13	0.0	393.227	393.227	1	spectra/specs_ms.pklbin1194	1		0	0	C22H34O7	OHCQJHSOBUTRHG-UHFFFAOYSA-N	OHCQJHSOBUTRHG	N/A	N/A	N/A	Diterpenoids	Labdane diterpenoids	Terpenoids
CCMSLIB00004697079	Rotenone	N/A	ESI-QFT	isolated	MoNA	MoNA:VF-NPL-QEHF006016	[M+H]+	395.149	0.0	1	N/A	N/A	C=C(C)[C@H]1Cc2c(ccc3c2O[C@@H]2COc4cc(OC)c(OC)cc4[C@@H]2C3=O)O1	InChI=1S/C23H22O6/c1-11(2)16-8-14-15(28-16)6-5-12-22(24)21-13-7-18(25-3)19(26-4)9-17(13)27-10-20(21)29-23(12)14/h5-7,9,16,20-21H,1,8,10H2,2-4H3/t16-,20-,21+/m1/s1	N/A	3	positive	UPDATE-SINGLE-ANNOTATED-BRONZE	Bronze	1227	spectra/specs_ms.pklbin	lib-00003.mgf	0.940076	MONA	10416.2	579.617	0.0	11	0.0	395.149	395.149	1	spectra/specs_ms.pklbin1227	1		0	0	C23H22O6	JUVIOZPCNVVQFO-HBGVWJBISA-N	JUVIOZPCNVVQFO	N/A	N/A	N/A	Isoflavonoids	Rotenoids	Shikimates and Phenylpropanoids
CCMSLIB00005760641	Massbank:LU061002 Tris(2-butoxyethyl) phosphate	ESI	Hybrid FT	Isolated	Massbank	Massbank	M+H	399.251	0.0	1	78-51-3	N/A	CCCCOCCOP(=O)(OCCOCCCC)OCCOCCCC	1S/C18H39O7P/c1-4-7-10-20-13-16-23-26(19,24-17-14-21-11-8-5-2)25-18-15-22-12-9-6-3/h4-18H2,1-3H3	N/A	3	Positive	UPDATE-SINGLE-ANNOTATED-BRONZE	Bronze	1246	spectra/specs_ms.pklbin	lib-00050.mgf	0.8413959999999999	MASSBANK	2867.83	605.273	2.52242	6	0.00100708	399.251	399.25	1	spectra/specs_ms.pklbin1246	1		0	0	C18H39O7P	WTLBZVNBAKMVDP-UHFFFAOYSA-N	WTLBZVNBAKMVDP	N/A	N/A	N/A	Glycerophospholipids		Fatty acids
CCMSLIB00010106658	Vinblastine sulfate CollisionEnergy:102040	LC-ESI	Orbitrap	Commercial	Trent Northen	JGI	M+2H]	406.217	0.0	1	N/A	N/A	CCC1(O)CC2CN(CCc3c([nH]c4ccccc34)C(C(=O)OC)C2c2cc3c(cc2OC)N(C)C2C(O)(C(=O)OC)C(OC(C)=O)C4(CC)C=CCN5CCC32C54)C1	"""InChI=1S/C46H58N4O9/c1-8-43(54)23-27-24-49(25-43)19-15-29-28-13-10-11-14-32(28)47-37(29)36(38(52)57-6)35(27)30-21-31-33(22-34(30)56-5)48(4)40-45(31)17-20-50-18-12-16-44(9-2,39(45)50)41(59-26(3)51)46(40,55)42(53)58-7/h10-14,16,21-22,27,35-36,39-41,47,54-55H,8-9,15,17-20,23-25H2,1-7H3/t27-,35+,36?,39-,40+,41+,43-,44+,45+,46-/m0/s1"""	N/A	3	Positive	UPDATE-SINGLE-ANNOTATED-BRONZE	Bronze	1314	spectra/specs_ms.pklbin	lib-00011.mgf	0.941802	BERKELEY-LAB	38589.0	302.78	0.0	23	405.21	406.217	406.217	2	spectra/specs_ms.pklbin1314	1		0	0	C46H58N4O9	KPPBSXVQPGVPRR-UHFFFAOYSA-N	KPPBSXVQPGVPRR	N/A	N/A	N/A	Tryptophan alkaloids	Aspidosperma type|Aspidosperma-Iboga hybrid type (Vinca alkaloids)	Alkaloids
CCMSLIB00006565756	amorphigenin	ESI	Orbitrap	Commercial standard	BMDMS-NP	BMDMS-NP	[M+H]+	411.15	410.137	1	N/A	N/A	O=C1C2=CC=C3OC(C(=C)CO)CC3=C2OC4COC5=CC(OC)=C(OC)C=C5C14	InChI=1S/C23H22O7/c1-11(9-24)16-7-14-15(29-16)5-4-12-22(25)21-13-6-18(26-2)19(27-3)8-17(13)28-10-20(21)30-23(12)14/h4-6,8,16,20-21,24H,1,7,9-10H2,2-3H3	N/A	1	Positive	UPDATE-SINGLE-ANNOTATED-GOLD	Gold	1352	spectra/specs_ms.pklbin	lib-00042.mgf	0.828401	BMDMS-NP	4187.14	505.38699999999994	14.5481	7	0.00598145	411.15	411.144	1	spectra/specs_ms.pklbin1352	1		0	0	C23H22O7	ZJMLELXRQUXRIU-UHFFFAOYSA-N	ZJMLELXRQUXRIU	N/A	N/A	N/A	Isoflavonoids	Rotenoids	Shikimates and Phenylpropanoids
CCMSLIB00006555621	forskolin	ESI	Orbitrap	Commercial standard	BMDMS-NP	BMDMS-NP	[M+H]+	411.24	410.23	1	N/A	N/A	O=C(OC1C(O)C2C(C)(C)CCC(O)C2(C)C3(O)C(=O)CC(OC13C)(C=C)C)C	InChI=1S/C22H34O7/c1-8-19(5)11-14(25)22(27)20(6)13(24)9-10-18(3,4)16(20)15(26)17(28-12(2)23)21(22,7)29-19/h8,13,15-17,24,26-27H,1,9-11H2,2-7H3	N/A	1	Positive	UPDATE-SINGLE-ANNOTATED-GOLD	Gold	1354	spectra/specs_ms.pklbin	lib-00042.mgf	0.7731279999999999	BMDMS-NP	2774.27	554.557	4.82356	11	0.00198364	411.24	411.23800000000006	1	spectra/specs_ms.pklbin1354	1		0	0	C22H34O7	OHCQJHSOBUTRHG-UHFFFAOYSA-N	OHCQJHSOBUTRHG	N/A	N/A	N/A	Diterpenoids	Labdane diterpenoids	Terpenoids
CCMSLIB00010115765	spiramycin CollisionEnergy:205060	LC-ESI	Orbitrap	Commercial	Trent Northen	JGI	M+2H]	422.264	0.0	1	N/A	N/A	COC1C(O)CC(=O)OC(C)CC=CC=CC(OC2CCC(N(C)C)C(C)O2)C(C)CC(CC=O)C1OC1OC(C)C(OC2CC(C)(O)C(O)C(C)O2)C(N(C)C)C1O	"""InChI=1S/C43H74N2O14/c1-24-21-29(19-20-46)39(59-42-37(49)36(45(9)10)38(27(4)56-42)58-35-23-43(6,51)41(50)28(5)55-35)40(52-11)31(47)22-33(48)53-25(2)15-13-12-14-16-32(24)57-34-18-17-30(44(7)8)26(3)54-34/h12-14,16,20,24-32,34-42,47,49-51H,15,17-19,21-23H2,1-11H3/b13-12+,16-14+/t24-,25-,26?,27?,28?,29+,30?,31-,32+,34?,35?,36?,37?,38?,39+,40+,41?,42?,43?/m1/s1"""	N/A	3	Positive	UPDATE-SINGLE-ANNOTATED-BRONZE	Bronze	1412	spectra/specs_ms.pklbin	lib-00011.mgf	0.8906370000000001	BERKELEY-LAB	39463.8	232.551	0.0	21	421.25699999999995	422.264	422.264	2	spectra/specs_ms.pklbin1412	1		0	0	C43H74N2O14	ACTOXUHEUCPTEW-UHFFFAOYSA-N	ACTOXUHEUCPTEW	N/A	N/A	N/A	Macrolides	Erythromycins|Tylosins	Polyketides
CCMSLIB00004702779	COLFORSIN	N/A	ESI-QFT	isolated	MoNA	MoNA:VF-NPL-QEHF011716	[M+NH4]+	428.264	0.0	1	N/A	N/A	C=C[C@@]1(C)CC(=O)[C@@]2(O)[C@](C)(O1)[C@@H](OC(C)=O)[C@@H](O)[C@H]1C(C)(C)CC[C@H](O)[C@@]12C	InChI=1S/C22H34O7/c1-8-19(5)11-14(25)22(27)20(6)13(24)9-10-18(3,4)16(20)15(26)17(28-12(2)23)21(22,7)29-19/h8,13,15-17,24,26-27H,1,9-11H2,2-7H3/t13-,15-,16-,17-,19-,20-,21+,22-/m0/s1	N/A	3	positive	UPDATE-SINGLE-ANNOTATED-BRONZE	Bronze	1455	spectra/specs_ms.pklbin	lib-00003.mgf	0.861151	MONA	2837.23	554.254	0.0	13	0.0	428.264	428.264	1	spectra/specs_ms.pklbin1455	1		0	0	C22H34O7	OHCQJHSOBUTRHG-KGGHGJDLSA-N	OHCQJHSOBUTRHG	N/A	N/A	N/A	Diterpenoids	Labdane diterpenoids	Terpenoids
CCMSLIB00008851494	Mifepristone [M+H]+	LC-ESI	Orbitrap	Commercial	Daniel Petras	Stilianos Papadopoulos Lambidis	M+H	430.274	0.0	1	 	 	CC#CC1(CCC2C1(CC(C3=C4CCC(=O)C=C4CCC23)C5=CC=C(C=C5)N(C)C)C)O	InChI=1S/C29H35NO2/c1-5-15-29(32)16-14-26-24-12-8-20-17-22(31)11-13-23(20)27(24)25(18-28(26,29)2)19-6-9-21(10-7-19)30(3)4/h6-7,9-10,17,24-26,32H,8,11-14,16,18H2,1-4H3	 	3	Positive	UPDATE-SINGLE-ANNOTATED-BRONZE	Bronze	1471	spectra/specs_ms.pklbin	lib-00045.mgf	0.897006	GNPS-LIBRARY	11979.0	369.36800000000005	0.0	14	0.0	430.274	430.274	1	spectra/specs_ms.pklbin1471	1		0	0	C2H6	VKHAHZOOUSRJNA-UHFFFAOYSA-N	VKHAHZOOUSRJNA	N/A	N/A	N/A	Fatty acyls	Hydrocarbons	Fatty acids
CCMSLIB00008851475	Forskolin [M+Na]+	LC-ESI	Orbitrap	Commercial	Daniel Petras	Paolo Stincone	M+H	433.284	0.0	1	 	 	CC(=O)OC1C(C2C(CCC(C2(C3(C1(OC(CC3=O)(C)C=C)C)O)C)O)(C)C)O	InChI=1S/C22H34O7/c1-8-19(5)11-14(25)22(27)20(6)13(24)9-10-18(3,4)16(20)15(26)17(28-12(2)23)21(22,7)29-19/h8,13,15-17,24,26-27H,1,9-11H2,2-7H3	 	3	Positive	UPDATE-SINGLE-ANNOTATED-BRONZE	Bronze	1488	spectra/specs_ms.pklbin	lib-00045.mgf	0.8130729999999999	GNPS-LIBRARY	2862.64	368.651	0.0	14	0.0	433.284	433.284	1	spectra/specs_ms.pklbin1488	1		0	0	C22H34O7	OHCQJHSOBUTRHG-UHFFFAOYSA-N	OHCQJHSOBUTRHG	N/A	N/A	N/A	Diterpenoids	Labdane diterpenoids	Terpenoids
CCMSLIB00003136900	Spectral Match to Dioctyl sulfosuccinate from NIST14	ESI	QqQ	Isolated	Data from Lihini Aluwihare	Data deposited by daniel	M-H+2Na	467.204	0.0	1	10041197	N/A	N/A	N/A	N/A	3	Positive	UPDATE-SINGLE-ANNOTATED-BRONZE	Bronze	1700	spectra/specs_ms.pklbin	lib-00018.mgf	0.858215	GNPS-NIST14-MATCHES	11766.3	804.768	2.09023	10	0.0009765619999999999	467.204	467.205	1	spectra/specs_ms.pklbin1700	1		27	457	N/A	N/A	N/A	N/A	N/A	N/A	N/A	N/A	N/A
CCMSLIB00005772093	Massbank: Kanamycin A	ESI	qTof	Isolated	Massbank	Massbank	M+H	485.245	0.0	1	N/A	N/A	C1[C@H]([C@@H]([C@H]([C@@H]([C@H]1N)O[C@@H]2[C@@H]([C@H]([C@@H]([C@H](O2)CN)O)O)O)O)O[C@@H]3[C@@H]([C@H]([C@@H]([C@H](O3)CO)O)N)O)N	1S/C18H36N4O11/c19-2-6-10(25)12(27)13(28)18(30-6)33-16-5(21)1-4(20)15(14(16)29)32-17-11(26)8(22)9(24)7(3-23)31-17/h4-18,23-29H,1-3,19-22H2/t4-,5+,6-,7-,8+,9-,10-,11-,12+,13-,14-,15+,16-,17-,18-/m1/s1	N/A	3	Positive	UPDATE-SINGLE-ANNOTATED-BRONZE	Bronze	1757	spectra/specs_ms.pklbin	lib-00050.mgf	0.8671549999999999	MASSBANK	44673.0	72.8485	2.0754099999999998	8	0.00100708	485.245	485.246	1	spectra/specs_ms.pklbin1757	1		0	0	C18H36N4O11	SBUJHOSQTJFQJX-NOAMYHISSA-N	SBUJHOSQTJFQJX	N/A	N/A	N/A	Aminosugars and aminoglycosides|Polyols	Amino cyclitols|Aminoglycosides	Carbohydrates
CCMSLIB00000479758	Antimycin A4-CDM-BAW-AED	LC-ESI	qTof	Commercial	DAS	Oman	M+H	507.234	0.0	1	 	 	 	 	 	3	Positive	UPDATE-SINGLE-ANNOTATED-BRONZE	Bronze	1810	spectra/specs_ms.pklbin	lib-00045.mgf	0.772005	GNPS-LIBRARY	8332.35	560.543	0.0	8	0.0	507.234	507.23400000000004	1	spectra/specs_ms.pklbin1810	1		2	31	N/A	N/A	N/A	N/A	N/A	N/A	N/A	N/A	N/A
CCMSLIB00004702432	MUCIC ACID	N/A	ESI-QFT	isolated	MoNA	MoNA:VF-NPL-QEHF011369	[M+NH4]+	228.071	0.0	1	N/A	N/A	O=C(O)[C@@H](O)[C@H](O)[C@H](O)[C@@H](O)C(=O)O	InChI=1S/C6H10O8/c7-1(3(9)5(11)12)2(8)4(10)6(13)14/h1-4,7-10H,(H,11,12)(H,13,14)/t1-,2+,3+,4-	N/A	3	positive	UPDATE-SINGLE-ANNOTATED-BRONZE	Bronze	183	spectra/specs_ms.pklbin	lib-00003.mgf	0.856577	MONA	2842.39	483.551	385.834	6	0.08799739999999999	228.071	227.983	1	spectra/specs_ms.pklbin183	1		0	0	C6H10O8	DSLZVSRJTYRBFB-DUHBMQHGSA-N	DSLZVSRJTYRBFB	N/A	N/A	N/A	Fatty Acids and Conjugates	Hydroxy fatty acids	Fatty acids
CCMSLIB00000479757	Antimycin A3-CDM-BAW-AED	LC-ESI	qTof	Commercial	DAS	Oman	M+H	521.25	0.0	1	 	 	 	 	 	3	Positive	UPDATE-SINGLE-ANNOTATED-BRONZE	Bronze	1857	spectra/specs_ms.pklbin	lib-00045.mgf	0.743424	GNPS-LIBRARY	8214.39	576.1080000000001	1.8735	8	0.0009765619999999999	521.25	521.249	1	spectra/specs_ms.pklbin1857	1		2	18	N/A	N/A	N/A	N/A	N/A	N/A	N/A	N/A	N/A
CCMSLIB00008851497	Antimycin [M+H]+	LC-ESI	Orbitrap	Commercial	Daniel Petras	Stilianos Papadopoulos Lambidis	M+H	535.265	0.0	1	 	 	CCCCCC1C(C(OC(=O)C(C(OC1=O)C)NC(=O)C2=C(C(=CC=C2)NC=O)O)C)OC(=O)CC(C)C	InChI=1S/C27H38N2O9/c1-6-7-8-10-19-24(38-21(31)13-15(2)3)17(5)37-27(35)22(16(4)36-26(19)34)29-25(33)18-11-9-12-20(23(18)32)28-14-30/h9,11-12,14-17,19,22,24,32H,6-8,10,13H2,1-5H3,(H,28,30)(H,29,33)	 	3	Positive	UPDATE-SINGLE-ANNOTATED-BRONZE	Bronze	1902	spectra/specs_ms.pklbin	lib-00045.mgf	0.849701	GNPS-LIBRARY	5433.58	590.316	0.0	8	0.0	535.265	535.265	1	spectra/specs_ms.pklbin1902	1		0	0	C27H38N2O9	ZVYMCLIDNNTNCL-UHFFFAOYSA-N	ZVYMCLIDNNTNCL	N/A	N/A	N/A	Macrolides	Antimycins	Amino acids and Peptides|Polyketides
CCMSLIB00000206118	Massbank: Doxorubicin	ESI	LC-ESI-QTOF	Isolated	Putative Massbank Match	Massbank	[M+H]+	544.182	0.0	1	N/A	N/A	c(=O)(c12)c(c5O[H])c(c(O[H])c(c35)C(C(C(=O)C([H])([H])O[H])(C(C3(OC([H])(C([H])([H])4)OC([H])(C([H])(O[H])C([H])(N([H])[H])4)C([H])([H])[H])[H])([H])[H])O[H])([H])[H])c(c1c(c(c(c2OC([H])([H])[H])[H])[H])[H])=O	1S/C27H29NO11/c1-10-22(31)13(28)6-17(38-10)39-15-8-27(36,16(30)9-29)7-12-19(15)26(35)21-20(24(12)33)23(32)11-4-3-5-14(37-2)18(11)25(21)34/h3-5,10,13,15,17,22,29,31,33,35-36H,6-9,28H2,1-2H3	N/A	3	Positive	UPDATE-SINGLE-ANNOTATED-BRONZE	Bronze	1922	spectra/specs_ms.pklbin	lib-00050.mgf	0.896228	MASSBANK	13455.1	281.935	1.79455	12	0.0009765619999999999	544.182	544.181	1	spectra/specs_ms.pklbin1922	1		0	0	C27H29NO11	AOJJSUZBOXZQNB-UHFFFAOYSA-N	AOJJSUZBOXZQNB	N/A	N/A	N/A	Polycyclic aromatic polyketides	Anthracyclines	Polyketides
CCMSLIB00011906061	Antimycin A	ESI	Orbitrap	Isolated	Daniel Petras	"""Christian Geibel, Giovanni Andrea Vitale"""	M+H	549.281	548.273	1	N/A	N/A	CCCCCCC1C(C(OC(=O)C(C(OC1=O)C)NC(=O)C2=C(C(=CC=C2)NC=O)O)C)OC(=O)CC(C)C	InChI=1S/C28H40N2O9/c1-6-7-8-9-11-20-25(39-22(32)14-16(2)3)18(5)38-28(36)23(17(4)37-27(20)35)30-26(34)19-12-10-13-21(24(19)33)29-15-31/h10,12-13,15-18,20,23,25,33H,6-9,11,14H2,1-5H3,(H,29,31)(H,30,34)	N/A	1	Positive	UPDATE-SINGLE-ANNOTATED-GOLD	Gold	1936	spectra/specs_ms.pklbin	lib-00028.mgf	0.751393	TUEBINGEN-NATURAL-PRODUCT-COLLECTION	4525.43	600.7	0.0	8	0.0	549.281	549.281	1	spectra/specs_ms.pklbin1936	1		0	0	C28H40N2O9	UIFFUZWRFRDZJC-UHFFFAOYSA-N	UIFFUZWRFRDZJC	N/A	N/A	N/A	Macrolides	Antimycins	Amino acids and Peptides|Polyketides
CCMSLIB00000573097	MoNA:3475533 Dehydrocostus lactone	LC-ESI	qTof	Commercial	MoNA	MoNA	M+H	231.138	0.0	1	N/A	N/A	C=C1CCC2C(C3C1CCC3=C)OC(=O)C2=C	InChI=1S/C15H18O2/c1-8-4-7-12-10(3)15(16)17-14(12)13-9(2)5-6-11(8)13/h11-14H,1-7H2/t11-,12-,13-,14-/m0/s1	N/A	3	Positive	UPDATE-SINGLE-ANNOTATED-BRONZE	Bronze	205	spectra/specs_ms.pklbin	lib-00003.mgf	0.927675	MONA	42982.4	215.162	0.0	8	0.0	231.138	231.138	1	spectra/specs_ms.pklbin205	1		0	0	C15H18O2	NETSQGRTUNRXEO-UHFFFAOYSA-N	NETSQGRTUNRXEO	N/A	N/A	N/A	Sesquiterpenoids	Guaiane sesquiterpenoids	Terpenoids
CCMSLIB00000005538	Etoposide	LC-ESI	qTof	Isolated	Sirenas	Ed Esquenazi 	M+H	589.193	0.0	1	N/A	N/A	N/A	N/A	N/A	3	Positive	UPDATE-SINGLE-ANNOTATED-BRONZE	Bronze	2050	spectra/specs_ms.pklbin	lib-00005.mgf	0.963917	GNPS-SELLECKCHEM-FDA-PART1	2992.23	352.47900000000004	3.41851	10	0.00201416	589.193	589.191	1	spectra/specs_ms.pklbin2050	1		0	0	N/A	N/A	N/A	N/A	N/A	N/A	N/A	N/A	N/A
CCMSLIB00010125350	cyclosporin A CollisionEnergy:205060	LC-ESI	Orbitrap	Commercial	Trent Northen	JGI	M+2H]	601.928	0.0	1	N/A	N/A	CC=CCC(C)C(O)C1C(O)=NC(CC)C(=O)N(C)CC(=O)N(C)C(CC(C)C)C(O)=NC(C(C)C)C(=O)N(C)C(CC(C)C)C(O)=NC(C)C(O)=NC(C)C(=O)N(C)C(CC(C)C)C(=O)N(C)C(CC(C)C)C(=O)N(C)C(C(C)C)C(=O)N1C	"""InChI=1S/C62H111N11O12/c1-25-27-28-40(15)52(75)51-56(79)65-43(26-2)58(81)67(18)33-48(74)68(19)44(29-34(3)4)55(78)66-49(38(11)12)61(84)69(20)45(30-35(5)6)54(77)63-41(16)53(76)64-42(17)57(80)70(21)46(31-36(7)8)59(82)71(22)47(32-37(9)10)60(83)72(23)50(39(13)14)62(85)73(51)24/h25,27,34-47,49-52,75H,26,28-33H2,1-24H3,(H,63,77)(H,64,76)(H,65,79)(H,66,78)/b27-25+/t40-,41+,42-,43+,44+,45+,46+,47+,49+,50+,51+,52-/m1/s1"""	N/A	3	Positive	UPDATE-SINGLE-ANNOTATED-BRONZE	Bronze	2081	spectra/specs_ms.pklbin	lib-00011.mgf	0.842391	BERKELEY-LAB	11908.0	632.1669999999999	0.0	27	600.9209999999999	601.928	601.928	2	spectra/specs_ms.pklbin2081	1		0	0	C62H111N11O12	PMATZTZNYRCHOR-UHFFFAOYSA-N	PMATZTZNYRCHOR	N/A	N/A	N/A	Oligopeptides	Cyclic peptides	Amino acids and Peptides
CCMSLIB00006436254	Baccatin III	ESI	Orbitrap	Commercial standard	BMDMS-NP	BMDMS-NP	[M+Na]+	609.23	586.241	1	N/A	N/A	O=C(OC1C2C3(OC(=O)C)COC3CC(O)C2(C(=O)C(OC(=O)C)C4=C(C)C(O)CC1(O)C4(C)C)C)C=5C=CC=CC5	InChI=1S/C31H38O11/c1-15-19(34)13-31(38)26(41-27(37)18-10-8-7-9-11-18)24-29(6,20(35)12-21-30(24,14-39-21)42-17(3)33)25(36)23(40-16(2)32)22(15)28(31,4)5/h7-11,19-21,23-24,26,34-35,38H,12-14H2,1-6H3	N/A	1	Positive	UPDATE-SINGLE-ANNOTATED-GOLD	Gold	2107	spectra/specs_ms.pklbin	lib-00042.mgf	0.772598	BMDMS-NP	2906.59	425.58	1.70313	8	0.0010375999999999999	609.23	609.231	1	spectra/specs_ms.pklbin2107	1		8	48	C31H38O11	OVMSOCFBDVBLFW-UHFFFAOYSA-N	OVMSOCFBDVBLFW	N/A	N/A	N/A	Diterpenoids	Taxane diterpenoids|Tetracyclic diterpenoids	Terpenoids
CCMSLIB00005436263	Contaminants septum vial Thermo C4000-53 and C4000-54 serie	LC-ESI	Orbitrap	Lysate	Dorrestein	lfnothias	M+H	610.184	0.0	0	 	 	 	 	 	3	Positive	UPDATE-SINGLE-ANNOTATED-BRONZE	Bronze	2109	spectra/specs_ms.pklbin	lib-00045.mgf	0.8231790000000001	GNPS-LIBRARY	2884.31	698.0239999999999	0.0	10	0.0	610.184	610.184	1	spectra/specs_ms.pklbin2109	1		0	0	N/A	N/A	N/A	N/A	N/A	N/A	N/A	N/A	N/A
CCMSLIB00010110963	Etoposide; VP-16-213 CollisionEnergy:102040	LC-ESI	Orbitrap	Commercial	Trent Northen	JGI	M+Na	611.173	0.0	1	N/A	N/A	COc1cc(C2c3cc4c(cc3C(OC3OC5COC(C)OC5C(O)C3O)C3COC(=O)C23)OCO4)cc(OC)c1O	"""InChI=1S/C29H32O13/c1-11-36-9-20-27(40-11)24(31)25(32)29(41-20)42-26-14-7-17-16(38-10-39-17)6-13(14)21(22-15(26)8-37-28(22)33)12-4-18(34-2)23(30)19(5-12)35-3/h4-7,11,15,20-22,24-27,29-32H,8-10H2,1-3H3/t11?,15?,20?,21-,22+,24?,25?,26?,27?,29?/m1/s1"""	N/A	3	Positive	UPDATE-SINGLE-ANNOTATED-BRONZE	Bronze	2111	spectra/specs_ms.pklbin	lib-00011.mgf	0.876138	BERKELEY-LAB	2939.08	352.88699999999994	0.0	10	0.0	611.173	611.173	1	spectra/specs_ms.pklbin2111	1		0	0	C29H32O13	VJJPUSNTGOMMGY-UHFFFAOYSA-N	VJJPUSNTGOMMGY	N/A	N/A	N/A	Lignans	Arylnaphthalene and aryltetralin lignans	Shikimates and Phenylpropanoids
CCMSLIB00010123392	Isoalantolactone CollisionEnergy:205060	LC-ESI	Orbitrap	Commercial	Trent Northen	JGI	M+H	233.154	0.0	1	N/A	N/A	C=C1C(=O)OC2CC3(C)CCCC(=C)C3CC12	"""InChI=1S/C15H20O2/c1-9-5-4-6-15(3)8-13-11(7-12(9)15)10(2)14(16)17-13/h11-13H,1-2,4-8H2,3H3/t11?,12-,13?,15+/m0/s1"""	N/A	3	Positive	UPDATE-SINGLE-ANNOTATED-BRONZE	Bronze	212	spectra/specs_ms.pklbin	lib-00011.mgf	0.800968	BERKELEY-LAB	4759.14	390.027	34.3587	7	0.00801086	233.154	233.146	1	spectra/specs_ms.pklbin212	1		0	0	C15H20O2	CVUANYCQTOGILD-UHFFFAOYSA-N	CVUANYCQTOGILD	N/A	N/A	N/A	Sesquiterpenoids	Eudesmane sesquiterpenoids	Terpenoids
CCMSLIB00010112455	bromocriptine CollisionEnergy:102040	LC-ESI	Orbitrap	Commercial	Trent Northen	JGI	M+H	654.229	0.0	1	N/A	N/A	CC(C)CC1C(=O)N2CCCC2C2(O)OC(N=C(O)C3C=C4c5cccc6[nH]c(Br)c(c56)CC4N(C)C3)(C(C)C)C(=O)N12	"""InChI=1S/C32H40BrN5O5/c1-16(2)12-24-29(40)37-11-7-10-25(37)32(42)38(24)30(41)31(43-32,17(3)4)35-28(39)18-13-20-19-8-6-9-22-26(19)21(27(33)34-22)14-23(20)36(5)15-18/h6,8-9,13,16-18,23-25,34,42H,7,10-12,14-15H2,1-5H3,(H,35,39)/t18-,23-,24+,25+,31-,32+/m1/s1"""	N/A	3	Positive	UPDATE-SINGLE-ANNOTATED-BRONZE	Bronze	2190	spectra/specs_ms.pklbin	lib-00011.mgf	0.792223	BERKELEY-LAB	11348.7	363.88	1.49269	17	0.0009765619999999999	654.229	654.2280000000001	1	spectra/specs_ms.pklbin2190	1		0	0	C32H40BrN5O5	OZVBMTJYIDMWIL-UHFFFAOYSA-N	OZVBMTJYIDMWIL	N/A	N/A	N/A	Tryptophan alkaloids	Ergot alkaloids	Alkaloids
CCMSLIB00008851481	Monensin [M+H]+	LC-ESI	Orbitrap	Commercial	Daniel Petras 	Stilianos Papadopoulos Lambidis	M+H	671.436	0.0	1	 	 	CCC1(CCC(O1)C2(CCC3(O2)CC(C(C(O3)C(C)C(C(C)C(=O)O)OC)C)O)C)C4C(CC(O4)C5C(CC(C(O5)(CO)O)C)C)C	InChI=1S/C36H62O11/c1-10-34(31-20(3)16-26(43-31)28-19(2)15-21(4)36(41,18-37)46-28)12-11-27(44-34)33(8)13-14-35(47-33)17-25(38)22(5)30(45-35)23(6)29(42-9)24(7)32(39)40/h19-31,37-38,41H,10-18H2,1-9H3,(H,39,40)	 	3	Positive	UPDATE-SINGLE-ANNOTATED-BRONZE	Bronze	2225	spectra/specs_ms.pklbin	lib-00045.mgf	0.873144	GNPS-LIBRARY	2875.54	691.7919999999999	0.0	17	0.0	671.436	671.436	1	spectra/specs_ms.pklbin2225	1		0	0	C36H62O11	GAOZTHIDHYLHMS-UHFFFAOYSA-N	GAOZTHIDHYLHMS	N/A	N/A	N/A	Polyethers	Polyether ionophores	Polyketides
CCMSLIB00008851484	Monensin [M+NH4]+	LC-ESI	Orbitrap	Commercial	Daniel Petras	Stilianos Papadopoulos Lambidis	M+NH4	688.463	0.0	1	 	 	CCC1(CCC(O1)C2(CCC3(O2)CC(C(C(O3)C(C)C(C(C)C(=O)O)OC)C)O)C)C4C(CC(O4)C5C(CC(C(O5)(CO)O)C)C)C	InChI=1S/C36H62O11/c1-10-34(31-20(3)16-26(43-31)28-19(2)15-21(4)36(41,18-37)46-28)12-11-27(44-34)33(8)13-14-35(47-33)17-25(38)22(5)30(45-35)23(6)29(42-9)24(7)32(39)40/h19-31,37-38,41H,10-18H2,1-9H3,(H,39,40)	 	3	Positive	UPDATE-SINGLE-ANNOTATED-BRONZE	Bronze	2276	spectra/specs_ms.pklbin	lib-00045.mgf	0.842965	GNPS-LIBRARY	24700.0	598.6469999999999	0.0	23	0.0	688.463	688.4630000000001	1	spectra/specs_ms.pklbin2276	1		0	0	C36H62O11	GAOZTHIDHYLHMS-UHFFFAOYSA-N	GAOZTHIDHYLHMS	N/A	N/A	N/A	Polyethers	Polyether ionophores	Polyketides
CCMSLIB00006387869	sodium (2S,3R,4S)-4-((2S,7S,8R,9S)-2-((2S,2'R,3'S,5R,5'R)-2-ethyl-5'-((2S,3S,5R,6R)-6-hydroxy-6-(hydroxymethyl)-3,5-dimethyltetrahydro-2H-pyran-2-yl)-3'-methyloctahydro-[2,2'-bifuran]-5-yl)-9-hydroxy- 2,8-dimethyl-1,6-dioxaspiro[4.5]decan-7-yl)-3-methoxy-2 -methylpentanoate	ESI	Orbitrap	Commercial standard	BMDMS-NP	BMDMS-NP	[M+H]+	693.42	692.411	1	N/A	N/A	[Na+].O=C([O-])C(C)C(OC)C(C)C1OC2(OC(C)(CC2)C3OC(CC)(CC3)C4OC(CC4C)C5OC(O)(CO)C(C)CC5C)CC(O)C1C	InChI=1S/C36H62O11.Na/c1-10-34(31-20(3)16-26(43-31)28-19(2)15-21(4)36(41,18-37)46-28)12-11-27(44-34)33(8)13-14-35(47-33)17-25(38)22(5)30(45-35)23(6)29(42-9)24(7)32(39)40;/h19-31,37-38,41H,10-18H2,1-9H3,(H,39,40);/q;+1/p-1	N/A	1	Positive	UPDATE-SINGLE-ANNOTATED-GOLD	Gold	2292	spectra/specs_ms.pklbin	lib-00042.mgf	0.872174	BMDMS-NP	62804.5	599.363	2.8166599999999997	15	0.00195312	693.42	693.418	1	spectra/specs_ms.pklbin2292	1		0	0	N/A	XOIQMTLWECTKJL-UHFFFAOYSA-M	XOIQMTLWECTKJL	N/A	N/A	N/A	N/A	N/A	N/A
CCMSLIB00006387953	sodium (2S,3R,4S)-4-((2S,7S,8R,9S)-2-((2S,2'R,3'S,5R,5'R)-2-ethyl-5'-((2S,3S,5R,6R)-6-hydroxy-6-(hydroxymethyl)-3,5-dimethyltetrahydro-2H-pyran-2-yl)-3'-methyloctahydro-[2,2'-bifuran]-5-yl)-9-hydroxy- 2,8-dimethyl-1,6-dioxaspiro[4.5]decan-7-yl)-3-methoxy-2 -methylpentanoate	ESI	Orbitrap	Commercial standard	BMDMS-NP	BMDMS-NP	[M+H]+	693.42	692.411	1	N/A	N/A	[Na+].O=C([O-])C(C)C(OC)C(C)C1OC2(OC(C)(CC2)C3OC(CC)(CC3)C4OC(CC4C)C5OC(O)(CO)C(C)CC5C)CC(O)C1C	InChI=1S/C36H62O11.Na/c1-10-34(31-20(3)16-26(43-31)28-19(2)15-21(4)36(41,18-37)46-28)12-11-27(44-34)33(8)13-14-35(47-33)17-25(38)22(5)30(45-35)23(6)29(42-9)24(7)32(39)40;/h19-31,37-38,41H,10-18H2,1-9H3,(H,39,40);/q;+1/p-1	N/A	1	Positive	UPDATE-SINGLE-ANNOTATED-GOLD	Gold	2293	spectra/specs_ms.pklbin	lib-00042.mgf	0.774878	BMDMS-NP	28704.1	610.785	2.8166599999999997	8	0.00195312	693.42	693.418	1	spectra/specs_ms.pklbin2293	1		0	0	N/A	XOIQMTLWECTKJL-UHFFFAOYSA-M	XOIQMTLWECTKJL	N/A	N/A	N/A	N/A	N/A	N/A
CCMSLIB00000001653	Rifamycin S	LC-ESI	qTof	Isolated	Fenical-Jensen-Moore	Max	M+H	696.304	695.297	1	N/A	N/A	N/A	N/A	N/A	1	Positive	UPDATE-SINGLE-ANNOTATED-GOLD	Gold	2306	spectra/specs_ms.pklbin	lib-00045.mgf	0.729596	GNPS-LIBRARY	208877.0	431.99199999999996	2.89264	17	0.00201416	696.304	696.302	1	spectra/specs_ms.pklbin2306	1		9	51	N/A	N/A	N/A	N/A	N/A	N/A	N/A	N/A	N/A
CCMSLIB00000001651	Rifamycin S	LC-ESI	qTof	Isolated	Fenical-Jensen-Moore	Max	M+Na	718.286	695.294	1	N/A	N/A	C[C@H]1/C=C/C=C(\C(=O)NC2=CC(=O)C3=C(C2=O)C(=C(C4=C3C(=O)[C@](O4)(O/C=C/[C@@H]([C@H]([C@H]([C@@H]([C@@H]([C@@H]([C@H]1O)C)O)C)OC(=O)C)C)OC)C)C)O)/C	InChI=1S/C37H45NO12/c1-16-11-10-12-17(2)36(46)38-23-15-24(40)26-27(32(23)44)31(43)21(6)34-28(26)35(45)37(8,50-34)48-14-13-25(47-9)18(3)33(49-22(7)39)20(5)30(42)19(4)29(16)41/h10-16,18-20,25,29-30,33,41-43H,1-9H3,(H,38,46)/b11-10+,14-13+,17-12-/t16-,18+,19+,20+,25-,29-,30+,33+,37-/m0/s1	N/A	1	Positive	UPDATE-SINGLE-ANNOTATED-GOLD	Gold	2385	spectra/specs_ms.pklbin	lib-00045.mgf	0.8181970000000001	GNPS-LIBRARY	127350.0	582.549	4.16369	23	0.00299072	718.286	718.283	1	spectra/specs_ms.pklbin2385	1		9	51	C37H45NO12	BTVYFIMKUHNOBZ-ODRIEIDWSA-N	BTVYFIMKUHNOBZ	N/A	N/A	N/A	Macrolides	Ansa macrolides	Polyketides
CCMSLIB00008851467	ADEP_1	LC-ESI	Orbitrap	Isolated	Daniel Petras	Paolo Stincone	M+H	719.376	0.0	1	 	 	O=C([C@@H](NC(/C=C/C=C/C=C/C)=O)CC1=CC=CC=C1)N[C@@H](COC2=O)C(N3[C@H](C(N([C@@H](C)C(N[C@H](C(N4[C@H]2C[C@@H](C)C4)=O)C)=O)C)=O)CCC3)=O	InChI=1S/C38H50N6O8/c1-6-7-8-9-13-18-32(45)40-28(21-27-15-11-10-12-16-27)34(47)41-29-23-52-38(51)31-20-24(2)22-44(31)35(48)25(3)39-33(46)26(4)42(5)37(50)30-17-14-19-43(30)36(29)49/h6-13,15-16,18,24-26,28-31H,14,17,19-23H2,1-5H3,(H,39,46)(H,40,45)(H,41,47)/b7-6+,9-8+,18-13+/t24-,25+,26+,28+,29+,30+,31+/m1/s1	 	3	Positive	UPDATE-SINGLE-ANNOTATED-BRONZE	Bronze	2405	spectra/specs_ms.pklbin	lib-00045.mgf	0.9838399999999999	GNPS-LIBRARY	14545.0	557.4119999999999	0.0	28	0.0	719.376	719.3760000000001	1	spectra/specs_ms.pklbin2405	1		0	0	C38H50N6O8	ZGRSXMWWGUOTAO-VIEJTCJKSA-N	ZGRSXMWWGUOTAO	N/A	N/A	N/A	Oligopeptides	Cyclic peptides|Depsipeptides	Amino acids and Peptides|Polyketides
CCMSLIB00010115574	2'-Hydroxyflavanone CollisionEnergy:205060	LC-ESI	Orbitrap	Commercial	Trent Northen	JGI	M+H	241.086	0.0	1	N/A	N/A	O=C1CC(c2ccccc2O)Oc2ccccc21	"""InChI=1S/C15H12O3/c16-12-7-3-1-5-10(12)15-9-13(17)11-6-2-4-8-14(11)18-15/h1-8,15-16H,9H2"""	N/A	3	Positive	UPDATE-SINGLE-ANNOTATED-BRONZE	Bronze	242	spectra/specs_ms.pklbin	lib-00011.mgf	0.73354	BERKELEY-LAB	4978.03	41.2267	406.461	6	0.09799189999999999	241.086	240.988	1	spectra/specs_ms.pklbin242	1		0	0	C15H12O3	KZKWCKFDCPVDFJ-UHFFFAOYSA-N	KZKWCKFDCPVDFJ	N/A	N/A	N/A	Flavonoids	Flavanones	Shikimates and Phenylpropanoids
CCMSLIB00006454103	(7R,9E,11S,12R,13S,14R,15R,16R,17S,18S,19E,21Z)-26-formyl-2,15,17,27,29-pentahydroxy-11-methoxy-3,7,12,14,16,18,22-heptamethyl-6,23-dioxo-8,30-dioxa-24-azatetracyclo[23.3.1.1^{4,7}.0^{5,28}]triaconta-1(28),2,4,9,19,21,25(29),26-octaen-13-yl acetate	ESI	Orbitrap	Commercial standard	BMDMS-NP	BMDMS-NP	[M+Na]+	748.29	725.305	1	N/A	N/A	O=CC=1C(O)=C2C3=C(O)C1NC(=O)C(=CC=CC(C)C(O)C(C)C(O)C(C)C(OC(=O)C)C(C)C(OC)C=COC4(OC(=C2C4=O)C(=C3O)C)C)C	InChI=1S/C38H47NO13/c1-16-11-10-12-17(2)37(48)39-28-23(15-40)32(45)25-26(33(28)46)31(44)21(6)35-27(25)36(47)38(8,52-35)50-14-13-24(49-9)18(3)34(51-22(7)41)20(5)30(43)19(4)29(16)42/h10-16,18-20,24,29-30,34,42-46H,1-9H3,(H,39,48)	N/A	1	Positive	UPDATE-SINGLE-ANNOTATED-GOLD	Gold	2497	spectra/specs_ms.pklbin	lib-00042.mgf	0.8508459999999999	BMDMS-NP	16009.7	693.967	5.383369999999999	14	0.00402832	748.29	748.294	1	spectra/specs_ms.pklbin2497	1		0	0	C38H47NO13	BBNQHOMJRFAQBN-UHFFFAOYSA-N	BBNQHOMJRFAQBN	N/A	N/A	N/A	Macrolides	Ansa macrolides	Polyketides
CCMSLIB00011906289	Echinosporin	ESI	Orbitrap	Isolated	Daniel Petras	"""Giovanni Andrea Vitale, Christian Geibel"""	M+Na	246.037	223.048	1	N/A	N/A	O=C(N)C=1OC2OC(=O)C3(O)C=CC2C3C1	InChI=1S/C10H9NO5/c11-7(12)6-3-5-4-1-2-10(5,14)9(13)16-8(4)15-6/h1-5,8,14H,(H2,11,12)	N/A	1	Positive	UPDATE-SINGLE-ANNOTATED-GOLD	Gold	253	spectra/specs_ms.pklbin	lib-00028.mgf	0.755989	TUEBINGEN-NATURAL-PRODUCT-COLLECTION	3000.0	47.3785	280.447	6	0.0690002	246.037	245.968	1	spectra/specs_ms.pklbin253	1		0	0	C10H9NO5	OXSZHYWOGQJUST-UHFFFAOYSA-N	OXSZHYWOGQJUST	N/A	N/A	N/A			
CCMSLIB00004708661	3-[(1-Carboxyvinyl)oxy]benzoic acid	N/A	ESI-QFT	isolated	MoNA	MoNA:VF-NPL-QEHF017598	[M+K]+	247.0	0.0	1	N/A	N/A	C=C(Oc1cccc(C(=O)O)c1)C(=O)O	InChI=1S/C10H8O5/c1-6(9(11)12)15-8-4-2-3-7(5-8)10(13)14/h2-5H,1H2,(H,11,12)(H,13,14)	N/A	3	positive	UPDATE-SINGLE-ANNOTATED-BRONZE	Bronze	255	spectra/specs_ms.pklbin	lib-00003.mgf	0.767374	MONA	2000.0	41.5407	279.353	7	0.0690002	247.0	246.93099999999998	1	spectra/specs_ms.pklbin255	1		0	0	C10H8O5	HGVAHYJMDVROLE-UHFFFAOYSA-N	HGVAHYJMDVROLE	N/A	N/A	N/A	Phenolic acids (C6-C1)	Simple phenolic acids	Shikimates and Phenylpropanoids
CCMSLIB00005435824	Contaminant vial septum ThermoFisher C5000-44B	LC-ESI	Orbitrap	Commercial	Dorrestein	 	M+NH4	776.234	0.0	0	 	 	 	 	 	3	Positive	UPDATE-SINGLE-ANNOTATED-BRONZE	Bronze	2573	spectra/specs_ms.pklbin	lib-00045.mgf	0.8466290000000001	GNPS-LIBRARY	1962.21	719.82	1.33671	12	0.0010375999999999999	776.234	776.2330000000001	1	spectra/specs_ms.pklbin2573	1		0	0	N/A	N/A	N/A	N/A	N/A	N/A	N/A	N/A	N/A
CCMSLIB00000854835	NCGC00385962-01_C16H24O3_	LC-ESI	Maxis II HD Q-TOF Bruker	isolated	Jadhav/Dorrestein	lfnothias	M-H2O+H	247.169	264.173	1	n/a	n/a	CC1C\C=C\C=C/CCCCC(O)C\C=C\C(=O)O1	InChI=1S/C16H24O3/c1-14-10-7-5-3-2-4-6-8-11-15(17)12-9-13-16(18)19-14/h2-3,5,7,9,13-15,17H,4,6,8,10-12H2,1H3/b3-2-,7-5+,13-9+	N/A	1	positive	UPDATE-SINGLE-ANNOTATED-GOLD	Gold	259	spectra/specs_ms.pklbin	lib-00051.mgf	0.9251879999999999	GNPS-NIH-NATURALPRODUCTSLIBRARY_ROUND2_POSITIVE	4829.67	595.1	8.08718	7	0.0019989	247.169	247.167	1	spectra/specs_ms.pklbin259	1		249	36142	C16H24O3	IKJZVOVTPXBUBG-QVWJMUBJSA-N	IKJZVOVTPXBUBG	N/A	N/A	N/A	Macrolides	Polyene macrolides	Polyketides
CCMSLIB00010106659	Vinblastine sulfate CollisionEnergy:102040	LC-ESI	Orbitrap	Commercial	Trent Northen	JGI	M+H	811.428	0.0	1	N/A	N/A	CCC1(O)CC2CN(CCc3c([nH]c4ccccc34)C(C(=O)OC)C2c2cc3c(cc2OC)N(C)C2C(O)(C(=O)OC)C(OC(C)=O)C4(CC)C=CCN5CCC32C54)C1	"""InChI=1S/C46H58N4O9/c1-8-43(54)23-27-24-49(25-43)19-15-29-28-13-10-11-14-32(28)47-37(29)36(38(52)57-6)35(27)30-21-31-33(22-34(30)56-5)48(4)40-45(31)17-20-50-18-12-16-44(9-2,39(45)50)41(59-26(3)51)46(40,55)42(53)58-7/h10-14,16,21-22,27,35-36,39-41,47,54-55H,8-9,15,17-20,23-25H2,1-7H3/t27-,35+,36?,39-,40+,41+,43-,44+,45+,46-/m0/s1"""	N/A	3	Positive	UPDATE-SINGLE-ANNOTATED-BRONZE	Bronze	2677	spectra/specs_ms.pklbin	lib-00011.mgf	0.941082	BERKELEY-LAB	25283.1	302.884	1.20351	34	0.0009765619999999999	811.428	811.427	1	spectra/specs_ms.pklbin2677	1		0	0	C46H58N4O9	KPPBSXVQPGVPRR-UHFFFAOYSA-N	KPPBSXVQPGVPRR	N/A	N/A	N/A	Tryptophan alkaloids	Aspidosperma type|Aspidosperma-Iboga hybrid type (Vinca alkaloids)	Alkaloids
CCMSLIB00011427947	FORSKOLIN	ESI	Orbitrap	Commercial	Cech	Vicky Anderson	2M+H	821.468	410.23	1	66575-29-9	N/A	CC(=O)OC1C(C2C(CCC(C2(C3(C1(OC(CC3=O)(C)C=C)C)O)C)O)(C)C)O	"""InChI=1S/C22H34O7/c1-8-19(5)11-14(25)22(27)20(6)13(24)9-10-18(3,4)16(20)15(26)17(28-12(2)23)21(22,7)29-19/h8,13,15-17,24,26-27H,1,9-11H2,2-7H3"""	N/A	1	Positive	UPDATE-SINGLE-ANNOTATED-GOLD	Gold	2701	spectra/specs_ms.pklbin	lib-00015.mgf	0.8755569999999999	LEAFBOT	2967.32	554.455	0.0	17	0.0	821.468	821.4680000000001	1	spectra/specs_ms.pklbin2701	1		0	0	C22H34O7	OHCQJHSOBUTRHG-UHFFFAOYSA-N	OHCQJHSOBUTRHG	N/A	N/A	N/A	Diterpenoids	Labdane diterpenoids	Terpenoids
CCMSLIB00009918375	Rifampicin [M+H]+	LC-ESI	Orbitrap	Commercial	Daniel Petras	Paolo Stincone	M+H	823.412	0.0	1	 	 	CC1C=CC=C(C(=O)NC2=C(C(=C3C(=C2O)C(=C(C4=C3C(=O)C(O4)(OC=CC(C(C(C(C(C(C1O)C)O)C)OC(=O)C)C)OC)C)C)O)O)C=NN5CCN(CC5)C)C	InChI=1S/C43H58N4O12/c1-21-12-11-13-22(2)42(55)45-33-28(20-44-47-17-15-46(9)16-18-47)37(52)30-31(38(33)53)36(51)26(6)40-32(30)41(54)43(8,59-40)57-19-14-29(56-10)23(3)39(58-27(7)48)25(5)35(50)24(4)34(21)49/h11-14,19-21,23-25,29,34-35,39,49-53H,15-18H2,1-10H3,(H,45,55)	 	3	Positive	UPDATE-SINGLE-ANNOTATED-BRONZE	Bronze	2711	spectra/specs_ms.pklbin	lib-00045.mgf	0.889602	GNPS-LIBRARY	9386.32	466.221	0.0	12	0.0	823.412	823.4119999999999	1	spectra/specs_ms.pklbin2711	1		0	0	C43H58N4O12	JQXXHWHPUNPDRT-UHFFFAOYSA-N	JQXXHWHPUNPDRT	N/A	N/A	N/A	Macrolides	Ansa macrolides	Polyketides
CCMSLIB00010007504	Vinamidine	LC-ESI	qTof	Isolated	Beniddir/Le Pogam	Sarah Szwarc	M+H	825.407	824.4	1	 	 	CCC(=O)CC1CN(CCc2c([nH]c3ccccc23)C(C1)(C(=O)OC)c1cc2c(cc1OC)N(C)C1C22CCN3CC=CC(CC)(C23)C(OC(C)=O)C1(O)C(=O)OC)C=O	InChI=1/C46H56N4O10/c1-8-29(53)21-28-24-45(41(54)58-6,37-31(15-19-49(25-28)26-51)30-13-10-11-14-34(30)47-37)33-22-32-35(23-36(33)57-5)48(4)39-44(32)17-20-50-18-12-16-43(9-2,38(44)50)40(60-27(3)52)46(39,56)42(55)59-7/h10-14,16,22-23,26,28,38-40,47,56H,8-9,15,17-21,24-25H2,1-7H3	 	3	Positive	UPDATE-SINGLE-ANNOTATED-BRONZE	Bronze	2714	spectra/specs_ms.pklbin	lib-00045.mgf	0.842675	GNPS-LIBRARY	2878.1	402.0	0.0	27	0.0	825.407	825.4069999999999	1	spectra/specs_ms.pklbin2714	1		0	0	C46H56N4O10	AQXVANXWKSPKMX-UHFFFAOYSA-N	AQXVANXWKSPKMX	N/A	N/A	N/A	Tryptophan alkaloids	Aspidosperma type|Aspidosperma-Iboga hybrid type (Vinca alkaloids)	Alkaloids
CCMSLIB00011906186	"""Leukomycin A3, Josamycin"""	ESI	Orbitrap	Isolated	Daniel Petras	"""Christian Geibel, Giovanni Andrea Vitale"""	M+H	828.474	827.467	1	N/A	N/A	CC1CC=CC=CC(C(CC(C(C(C(CC(=O)O1)OC(=O)C)OC)OC2C(C(C(C(O2)C)OC3CC(C(C(O3)C)OC(=O)CC(C)C)(C)O)N(C)C)O)CC=O)C)O	InChI=1S/C42H69NO15/c1-23(2)19-32(47)56-40-27(6)53-34(22-42(40,8)50)57-37-26(5)54-41(36(49)35(37)43(9)10)58-38-29(17-18-44)20-24(3)30(46)16-14-12-13-15-25(4)52-33(48)21-31(39(38)51-11)55-28(7)45/h12-14,16,18,23-27,29-31,34-41,46,49-50H,15,17,19-22H2,1-11H3	N/A	1	Positive	UPDATE-SINGLE-ANNOTATED-GOLD	Gold	2717	spectra/specs_ms.pklbin	lib-00028.mgf	0.9789389999999999	TUEBINGEN-NATURAL-PRODUCT-COLLECTION	8906.62	390.335	0.0	9	0.0	828.474	828.4739999999999	1	spectra/specs_ms.pklbin2717	1		0	0	C42H69NO15	XJSFLOJWULLJQS-UHFFFAOYSA-N	XJSFLOJWULLJQS	N/A	N/A	N/A	Macrolides	Erythromycins	Polyketides
CCMSLIB00011906199	Damsin	ESI	Orbitrap	Isolated	Daniel Petras	"""Christian Geibel, Giovanni Andrea Vitale"""	M+H	249.149	248.141	1	N/A	N/A	CC1CCC2C(C3(C1CCC3=O)C)OC(=O)C2=C	InChI=1S/C15H20O3/c1-8-4-5-10-9(2)14(17)18-13(10)15(3)11(8)6-7-12(15)16/h8,10-11,13H,2,4-7H2,1,3H3	N/A	1	Positive	UPDATE-SINGLE-ANNOTATED-GOLD	Gold	272	spectra/specs_ms.pklbin	lib-00028.mgf	0.796475	TUEBINGEN-NATURAL-PRODUCT-COLLECTION	5981.31	473.031	4.04208	8	0.00100708	249.149	249.148	1	spectra/specs_ms.pklbin272	1		0	0	C15H20O3	HPJYKMSFRBJOSW-UHFFFAOYSA-N	HPJYKMSFRBJOSW	N/A	N/A	N/A	Sesquiterpenoids	Pseudoguaiane sesquiterpenoids	Terpenoids
CCMSLIB00008851501	Negamycin [M+H]+	LC-ESI	Orbitrap	Commercial	Daniel Petras	Stilianos Papadopoulos Lambidis	M+H	249.156	0.0	1	 	 	CN(CC(=O)O)NC(=O)CC(CC(CN)O)N	InChI=1S/C9H20N4O4/c1-13(5-9(16)17)12-8(15)3-6(11)2-7(14)4-10/h6-7,14H,2-5,10-11H2,1H3,(H,12,15)(H,16,17)	 	3	Positive	UPDATE-SINGLE-ANNOTATED-BRONZE	Bronze	274	spectra/specs_ms.pklbin	lib-00045.mgf	0.95873	GNPS-LIBRARY	26801.6	32.4713	0.0	10	0.0	249.156	249.15599999999998	1	spectra/specs_ms.pklbin274	1		0	0	C9H20N4O4	IKHFJPZQZVMLRH-UHFFFAOYSA-N	IKHFJPZQZVMLRH	N/A	N/A	N/A	Small peptides	Aminoacids	Amino acids and Peptides
CCMSLIB00004694217	SPIRAMYCIN	N/A	ESI-QFT	isolated	MoNA	MoNA:VF-NPL-QEHF003154	[M+H]+	843.521	0.0	1	N/A	N/A	CO[C@@H]1[C@@H](OC2OC(C)C(OC3CC(C)(O)C(O)C(C)O3)C(N(C)C)C2O)[C@@H](CC=O)C[C@@H](C)[C@@H](OC2CCC(N(C)C)C(C)O2)/C=C/C=C/C[C@@H](C)OC(=O)C[C@H]1O	InChI=1S/C43H74N2O14/c1-24-21-29(19-20-46)39(59-42-37(49)36(45(9)10)38(27(4)56-42)58-35-23-43(6,51)41(50)28(5)55-35)40(52-11)31(47)22-33(48)53-25(2)15-13-12-14-16-32(24)57-34-18-17-30(44(7)8)26(3)54-34/h12-14,16,20,24-32,34-42,47,49-51H,15,17-19,21-23H2,1-11H3/b13-12+,16-14+/t24-,25-,26?,27?,28?,29+,30?,31-,32+,34?,35?,36?,37?,38?,39+,40+,41?,42?,43?/m1/s1	N/A	3	positive	UPDATE-SINGLE-ANNOTATED-BRONZE	Bronze	2750	spectra/specs_ms.pklbin	lib-00003.mgf	0.986399	MONA	29209.8	232.63299999999998	1.15772	14	0.0009765619999999999	843.521	843.52	1	spectra/specs_ms.pklbin2750	1		0	0	C43H74N2O14	ACTOXUHEUCPTEW-JMRHEKERSA-N	ACTOXUHEUCPTEW	N/A	N/A	N/A	Macrolides	Erythromycins|Tylosins	Polyketides
CCMSLIB00011906443	"""Leukomycin A3, Josamycin"""	ESI	Orbitrap	Isolated	Daniel Petras	"""Giovanni Andrea Vitale, Christian Geibel"""	M+Na	850.456	827.467	1	N/A	N/A	CC1CC=CC=CC(C(CC(C(C(C(CC(=O)O1)OC(=O)C)OC)OC2C(C(C(C(O2)C)OC3CC(C(C(O3)C)OC(=O)CC(C)C)(C)O)N(C)C)O)CC=O)C)O	InChI=1S/C42H69NO15/c1-23(2)19-32(47)56-40-27(6)53-34(22-42(40,8)50)57-37-26(5)54-41(36(49)35(37)43(9)10)58-38-29(17-18-44)20-24(3)30(46)16-14-12-13-15-25(4)52-33(48)21-31(39(38)51-11)55-28(7)45/h12-14,16,18,23-27,29-31,34-41,46,49-50H,15,17,19-22H2,1-11H3	N/A	1	Positive	UPDATE-SINGLE-ANNOTATED-GOLD	Gold	2774	spectra/specs_ms.pklbin	lib-00028.mgf	0.8229290000000001	TUEBINGEN-NATURAL-PRODUCT-COLLECTION	3861.34	394.355	0.0	21	0.0	850.456	850.456	1	spectra/specs_ms.pklbin2774	1		0	0	C42H69NO15	XJSFLOJWULLJQS-UHFFFAOYSA-N	XJSFLOJWULLJQS	N/A	N/A	N/A	Macrolides	Erythromycins	Polyketides
CCMSLIB00004721572	PACLITAXEL	N/A	ESI-QFT	isolated	MoNA	MoNA:VF-NPL-QEHF027991	[M+H]+	854.338	0.0	1	N/A	N/A	CC(=O)O[C@H]1C(=O)[C@]2(C)[C@@H](O)C[C@H]3OC[C@@]3(OC(C)=O)[C@H]2[C@H](OC(=O)c2ccccc2)[C@]2(O)C[C@H](OC(=O)[C@H](O)[C@@H](N=C(O)c3ccccc3)c3ccccc3)C(C)=C1C2(C)C	InChI=1S/C47H51NO14/c1-25-31(60-43(56)36(52)35(28-16-10-7-11-17-28)48-41(54)29-18-12-8-13-19-29)23-47(57)40(61-42(55)30-20-14-9-15-21-30)38-45(6,32(51)22-33-46(38,24-58-33)62-27(3)50)39(53)37(59-26(2)49)34(25)44(47,4)5/h7-21,31-33,35-38,40,51-52,57H,22-24H2,1-6H3,(H,48,54)/t31-,32-,33+,35-,36+,37+,38-,40-,45+,46-,47+/m0/s1	N/A	3	positive	UPDATE-SINGLE-ANNOTATED-BRONZE	Bronze	2783	spectra/specs_ms.pklbin	lib-00003.mgf	0.8666200000000001	MONA	4680.54	565.864	0.0	12	0.0	854.338	854.3380000000001	1	spectra/specs_ms.pklbin2783	1		0	0	C47H51NO14	RCINICONZNJXQF-MZXODVADSA-N	RCINICONZNJXQF	N/A	N/A	N/A	Diterpenoids	Taxane diterpenoids|Tetracyclic diterpenoids	Terpenoids
CCMSLIB00005764745	Massbank:LU040703 2,4,6-Tris(allyloxy)-1,3,5-triazine|Triallyl cyanurate|2,4,6-tris(prop-2-enoxy)-1,3,5-triazine	ESI	Hybrid FT	Isolated	Massbank	Massbank	M+H	250.119	0.0	1	101-37-1	N/A	C=CCOC1=NC(OCC=C)=NC(OCC=C)=N1	1S/C12H15N3O3/c1-4-7-16-10-13-11(17-8-5-2)15-12(14-10)18-9-6-3/h4-6H,1-3,7-9H2	N/A	3	Positive	UPDATE-SINGLE-ANNOTATED-BRONZE	Bronze	280	spectra/specs_ms.pklbin	lib-00050.mgf	0.937989	MASSBANK	2843.14	552.3969999999999	0.0	7	0.0	250.119	250.11900000000003	1	spectra/specs_ms.pklbin280	1		0	0	C12H15N3O3	BJELTSYBAHKXRW-UHFFFAOYSA-N	BJELTSYBAHKXRW	N/A	N/A	N/A			
CCMSLIB00008851499	Spiramycin [M+Na]+	LC-ESI	Orbitrap	Commercial	Daniel Petras	Stilianos Papadopoulos Lambidis	M+Na	865.503	0.0	1	 	 	CC1CC=CC=CC(C(CC(C(C(C(CC(=O)O1)O)OC)OC2C(C(C(C(O2)C)OC3CC(C(C(O3)C)O)(C)O)N(C)C)O)CC=O)C)OC4CCC(C(O4)C)N(C)C	InChI=1S/C43H74N2O14/c1-24-21-29(19-20-46)39(59-42-37(49)36(45(9)10)38(27(4)56-42)58-35-23-43(6,51)41(50)28(5)55-35)40(52-11)31(47)22-33(48)53-25(2)15-13-12-14-16-32(24)57-34-18-17-30(44(7)8)26(3)54-34/h12-14,16,20,24-32,34-42,47,49-51H,15,17-19,21-23H2,1-11H3	 	3	Positive	UPDATE-SINGLE-ANNOTATED-BRONZE	Bronze	2806	spectra/specs_ms.pklbin	lib-00045.mgf	0.816669	GNPS-LIBRARY	6780.61	231.99200000000002	0.0	17	0.0	865.503	865.503	1	spectra/specs_ms.pklbin2806	1		0	0	C43H74N2O14	ACTOXUHEUCPTEW-UHFFFAOYSA-N	ACTOXUHEUCPTEW	N/A	N/A	N/A	Macrolides	Erythromycins|Tylosins	Polyketides
CCMSLIB00008851483	Paclitaxel [M+Na]+	LC-ESI	Orbitrap	Commercial	Daniel Petras 	Stilianos Papadopoulos Lambidis	M+Na	876.32	0.0	1	 	 	CC1=C2C(C(=O)C3(C(CC4C(C3C(C(C2(C)C)(CC1OC(=O)C(C(C5=CC=CC=C5)NC(=O)C6=CC=CC=C6)O)O)OC(=O)C7=CC=CC=C7)(CO4)OC(=O)C)O)C)OC(=O)C	InChI=1S/C47H51NO14/c1-25-31(60-43(56)36(52)35(28-16-10-7-11-17-28)48-41(54)29-18-12-8-13-19-29)23-47(57)40(61-42(55)30-20-14-9-15-21-30)38-45(6,32(51)22-33-46(38,24-58-33)62-27(3)50)39(53)37(59-26(2)49)34(25)44(47,4)5/h7-21,31-33,35-38,40,51-52,57H,22-24H2,1-6H3,(H,48,54)	 	3	Positive	UPDATE-SINGLE-ANNOTATED-BRONZE	Bronze	2813	spectra/specs_ms.pklbin	lib-00045.mgf	0.9155399999999999	GNPS-LIBRARY	5776.08	565.941	0.0	21	0.0	876.32	876.32	1	spectra/specs_ms.pklbin2813	1		0	0	C47H51NO14	RCINICONZNJXQF-UHFFFAOYSA-N	RCINICONZNJXQF	N/A	N/A	N/A	Diterpenoids	Taxane diterpenoids|Tetracyclic diterpenoids	Terpenoids
CCMSLIB00004721629	ABAMECTIN	N/A	ESI-QFT	isolated	MoNA	MoNA:VF-NPL-QEHF028048	[M+NH4]+	890.526	0.0	1	N/A	N/A	CC[C@H](C)[C@H]1O[C@]2(C=C[C@@H]1C)C[C@@H]1C[C@@H](C/C=C(\C)[C@@H](O[C@H]3C[C@H](OC)[C@@H](O[C@H]4C[C@H](OC)[C@@H](O)[C@H](C)O4)[C@H](C)O3)[C@@H](C)/C=C/C=C3\CO[C@@H]4[C@H](O)C(C)=C[C@@H](C(=O)O1)[C@]34O)O2	InChI=1S/C48H72O14/c1-11-25(2)43-28(5)17-18-47(62-43)23-34-20-33(61-47)16-15-27(4)42(26(3)13-12-14-32-24-55-45-40(49)29(6)19-35(46(51)58-34)48(32,45)52)59-39-22-37(54-10)44(31(8)57-39)60-38-21-36(53-9)41(50)30(7)56-38/h12-15,17-19,25-26,28,30-31,33-45,49-50,52H,11,16,20-24H2,1-10H3/b13-12+,27-15+,32-14+/t25-,26-,28-,30-,31-,33+,34-,35-,36-,37-,38-,39-,40+,41-,42-,43+,44-,45+,47+,48+/m0/s1	N/A	3	positive	UPDATE-SINGLE-ANNOTATED-BRONZE	Bronze	2824	spectra/specs_ms.pklbin	lib-00003.mgf	0.8831120000000001	MONA	2895.84	639.944	0.0	10	0.0	890.526	890.5260000000001	1	spectra/specs_ms.pklbin2824	1		0	0	C48H72O14	RRZXIRBKKLTSOM-XPNPUAGNSA-N	RRZXIRBKKLTSOM	N/A	N/A	N/A	Macrolides	Avermectins	Polyketides
CCMSLIB00004721623	ABAMECTIN	N/A	ESI-QFT	isolated	MoNA	MoNA:VF-NPL-QEHF028042	[M+Na]+	895.481	0.0	1	N/A	N/A	CC[C@H](C)[C@H]1O[C@]2(C=C[C@@H]1C)C[C@@H]1C[C@@H](C/C=C(\C)[C@@H](O[C@H]3C[C@H](OC)[C@@H](O[C@H]4C[C@H](OC)[C@@H](O)[C@H](C)O4)[C@H](C)O3)[C@@H](C)/C=C/C=C3\CO[C@@H]4[C@H](O)C(C)=C[C@@H](C(=O)O1)[C@]34O)O2	InChI=1S/C48H72O14/c1-11-25(2)43-28(5)17-18-47(62-43)23-34-20-33(61-47)16-15-27(4)42(26(3)13-12-14-32-24-55-45-40(49)29(6)19-35(46(51)58-34)48(32,45)52)59-39-22-37(54-10)44(31(8)57-39)60-38-21-36(53-9)41(50)30(7)56-38/h12-15,17-19,25-26,28,30-31,33-45,49-50,52H,11,16,20-24H2,1-10H3/b13-12+,27-15+,32-14+/t25-,26-,28-,30-,31-,33+,34-,35-,36-,37-,38-,39-,40+,41-,42-,43+,44-,45+,47+,48+/m0/s1	N/A	3	positive	UPDATE-SINGLE-ANNOTATED-BRONZE	Bronze	2827	spectra/specs_ms.pklbin	lib-00003.mgf	0.8329780000000001	MONA	2904.19	639.535	0.0	28	0.0	895.481	895.4810000000001	1	spectra/specs_ms.pklbin2827	1		0	0	C48H72O14	RRZXIRBKKLTSOM-XPNPUAGNSA-N	RRZXIRBKKLTSOM	N/A	N/A	N/A	Macrolides	Avermectins	Polyketides
CCMSLIB00004721626	ABAMECTIN	N/A	ESI-QFT	isolated	MoNA	MoNA:VF-NPL-QEHF028045	[M+K]+	911.455	0.0	1	N/A	N/A	CC[C@H](C)[C@H]1O[C@]2(C=C[C@@H]1C)C[C@@H]1C[C@@H](C/C=C(\C)[C@@H](O[C@H]3C[C@H](OC)[C@@H](O[C@H]4C[C@H](OC)[C@@H](O)[C@H](C)O4)[C@H](C)O3)[C@@H](C)/C=C/C=C3\CO[C@@H]4[C@H](O)C(C)=C[C@@H](C(=O)O1)[C@]34O)O2	InChI=1S/C48H72O14/c1-11-25(2)43-28(5)17-18-47(62-43)23-34-20-33(61-47)16-15-27(4)42(26(3)13-12-14-32-24-55-45-40(49)29(6)19-35(46(51)58-34)48(32,45)52)59-39-22-37(54-10)44(31(8)57-39)60-38-21-36(53-9)41(50)30(7)56-38/h12-15,17-19,25-26,28,30-31,33-45,49-50,52H,11,16,20-24H2,1-10H3/b13-12+,27-15+,32-14+/t25-,26-,28-,30-,31-,33+,34-,35-,36-,37-,38-,39-,40+,41-,42-,43+,44-,45+,47+,48+/m0/s1	N/A	3	positive	UPDATE-SINGLE-ANNOTATED-BRONZE	Bronze	2836	spectra/specs_ms.pklbin	lib-00003.mgf	0.819367	MONA	2690.74	618.21	23.0358	31	0.020996099999999997	911.455	911.4760000000001	1	spectra/specs_ms.pklbin2836	1		0	0	C48H72O14	RRZXIRBKKLTSOM-XPNPUAGNSA-N	RRZXIRBKKLTSOM	N/A	N/A	N/A	Macrolides	Avermectins	Polyketides
CCMSLIB00008851479	Rapamycin [M+NH4]+	LC-ESI	Orbitrap	Commercial	Daniel Petras	Stilianos Papadopoulos Lambidis	M+NH4	931.589	0.0	1	 	 	CC1CCC2CC(C(=CC=CC=CC(CC(C(=O)C(C(C(=CC(C(=O)CC(OC(=O)C3CCCCN3C(=O)C(=O)C1(O2)O)C(C)CC4CCC(C(C4)OC)O)C)C)O)OC)C)C)C)OC	InChI=1S/C51H79NO13/c1-30-16-12-11-13-17-31(2)42(61-8)28-38-21-19-36(7)51(60,65-38)48(57)49(58)52-23-15-14-18-39(52)50(59)64-43(33(4)26-37-20-22-40(53)44(27-37)62-9)29-41(54)32(3)25-35(6)46(56)47(63-10)45(55)34(5)24-30/h11-13,16-17,25,30,32-34,36-40,42-44,46-47,53,56,60H,14-15,18-24,26-29H2,1-10H3	 	3	Positive	UPDATE-SINGLE-ANNOTATED-BRONZE	Bronze	2848	spectra/specs_ms.pklbin	lib-00045.mgf	0.886186	GNPS-LIBRARY	7869.3	612.9169999999999	0.0	27	0.0	931.589	931.5889999999999	1	spectra/specs_ms.pklbin2848	1		0	0	C51H79NO13	QFJCIRLUMZQUOT-UHFFFAOYSA-N	QFJCIRLUMZQUOT	N/A	N/A	N/A	Macrolides	Ascomycins and Rapamycins	Polyketides
CCMSLIB00010110635	Rapamycin CollisionEnergy:102040	LC-ESI	Orbitrap	Commercial	Trent Northen	JGI	M+Na	936.544	0.0	1	N/A	N/A	COC1CC2CCC(C)C(O)(O2)C(=O)C(=O)N2CCCCC2C(=O)OC(C(C)CC2CCC(O)C(OC)C2)CC(=O)C(C)C=C(C)C(O)C(OC)C(=O)C(C)CC(C)C=CC=CC=C1C	"""InChI=1S/C51H79NO13/c1-30-16-12-11-13-17-31(2)42(61-8)28-38-21-19-36(7)51(60,65-38)48(57)49(58)52-23-15-14-18-39(52)50(59)64-43(33(4)26-37-20-22-40(53)44(27-37)62-9)29-41(54)32(3)25-35(6)46(56)47(63-10)45(55)34(5)24-30/h11-13,16-17,25,30,32-34,36-40,42-44,46-47,53,56,60H,14-15,18-24,26-29H2,1-10H3/b13-11+,16-12+,31-17+,35-25+/t30-,32-,33-,34-,36-,37+,38+,39+,40-,42?,43+,44-,46-,47+,51-/m1/s1"""	N/A	3	Positive	UPDATE-SINGLE-ANNOTATED-BRONZE	Bronze	2849	spectra/specs_ms.pklbin	lib-00011.mgf	0.923811	BERKELEY-LAB	11780.7	610.375	0.0	33	0.0	936.544	936.544	1	spectra/specs_ms.pklbin2849	1		0	0	C51H79NO13	QFJCIRLUMZQUOT-UHFFFAOYSA-N	QFJCIRLUMZQUOT	N/A	N/A	N/A	Macrolides	Ascomycins and Rapamycins	Polyketides
CCMSLIB00000424738	MS_Contaminant_Sodium_Formate_Cluster	LC-ESI	qTof	Crude	PDorrestein	AMelnik	M+H	1042.8	68.007	0	 	 	 	 	 	3	Positive	UPDATE-SINGLE-ANNOTATED-BRONZE	Bronze	2879	spectra/specs_ms.pklbin	lib-00045.mgf	0.7194	GNPS-LIBRARY	60981.2	710.057	0.9364809999999999	8	0.0009765619999999999	1042.8	1042.8	1	spectra/specs_ms.pklbin2879	1	Common MS contaminant[Experimental Artifact]	146	13719	N/A	N/A	N/A	N/A	N/A	N/A	N/A	N/A	N/A
CCMSLIB00008851473	Fidaxomycin [M+NH4]+	LC-ESI	Orbitrap	Commercial	Daniel Petras	Paolo Stincone	M+NH4	1074.46	0.0	1	 	 	CCC1C=C(C(CC=CC=C(C(=O)OC(CC=C(C=C(C1OC2C(C(C(C(O2)(C)C)OC(=O)C(C)C)O)O)C)C)C(C)O)COC3C(C(C(C(O3)C)OC(=O)C4=C(C(=C(C(=C4O)Cl)O)Cl)CC)O)OC)O)C	InChI=1S/C52H74Cl2O18/c1-13-30-22-26(6)33(56)18-16-15-17-31(23-66-51-45(65-12)42(61)44(29(9)67-51)69-49(64)35-32(14-2)36(53)39(58)37(54)38(35)57)48(63)68-34(28(8)55)20-19-25(5)21-27(7)43(30)70-50-41(60)40(59)46(52(10,11)72-50)71-47(62)24(3)4/h15-17,19,21-22,24,28-30,33-34,40-46,50-51,55-61H,13-14,18,20,23H2,1-12H3	 	3	Positive	UPDATE-SINGLE-ANNOTATED-BRONZE	Bronze	2880	spectra/specs_ms.pklbin	lib-00045.mgf	0.907061	GNPS-LIBRARY	5721.15	584.398	0.9088870000000001	9	0.0009765619999999999	1074.46	1074.46	1	spectra/specs_ms.pklbin2880	1		0	0	C52H74Cl2O18	ZVGNESXIJDCBKN-UHFFFAOYSA-N	ZVGNESXIJDCBKN	N/A	N/A	N/A	Macrolides	Ansa macrolides	Polyketides
CCMSLIB00008851474	Fidaxomycin [M+Na]+	LC-ESI	Orbitrap	Commercial	Daniel Petras	Paolo Stincone	M+H	1079.41	0.0	1	 	 	CCC1C=C(C(CC=CC=C(C(=O)OC(CC=C(C=C(C1OC2C(C(C(C(O2)(C)C)OC(=O)C(C)C)O)O)C)C)C(C)O)COC3C(C(C(C(O3)C)OC(=O)C4=C(C(=C(C(=C4O)Cl)O)Cl)CC)O)OC)O)C	InChI=1S/C52H74Cl2O18/c1-13-30-22-26(6)33(56)18-16-15-17-31(23-66-51-45(65-12)42(61)44(29(9)67-51)69-49(64)35-32(14-2)36(53)39(58)37(54)38(35)57)48(63)68-34(28(8)55)20-19-25(5)21-27(7)43(30)70-50-41(60)40(59)46(52(10,11)72-50)71-47(62)24(3)4/h15-17,19,21-22,24,28-30,33-34,40-46,50-51,55-61H,13-14,18,20,23H2,1-12H3	 	3	Positive	UPDATE-SINGLE-ANNOTATED-BRONZE	Bronze	2885	spectra/specs_ms.pklbin	lib-00045.mgf	0.794513	GNPS-LIBRARY	3849.07	590.004	3.6188800000000003	27	0.00390625	1079.41	1079.41	1	spectra/specs_ms.pklbin2885	1		0	0	C52H74Cl2O18	ZVGNESXIJDCBKN-UHFFFAOYSA-N	ZVGNESXIJDCBKN	N/A	N/A	N/A	Macrolides	Ansa macrolides	Polyketides
CCMSLIB00000006352	Doxorubacin	LC-ESI	qTof	Isolated	Sirenas	Ed Esquenazi 	M+H	1087.36	543.174	1	N/A	N/A	C[C@H]1[C@H]([C@H](C[C@@H](O1)O[C@H]2C[C@@](CC3=C2C(=C4C(=C3O)C(=O)C5=C(C4=O)C(=CC=C5)OC)O)(C(=O)CO)O)N)O	InChI=1S/C27H29NO11/c1-10-22(31)13(28)6-17(38-10)39-15-8-27(36,16(30)9-29)7-12-19(15)26(35)21-20(24(12)33)23(32)11-4-3-5-14(37-2)18(11)25(21)34/h3-5,10,13,15,17,22,29,31,33,35-36H,6-9,28H2,1-2H3/t10-,13-,15-,17-,22+,27-/m0/s1	N/A	3	Positive	UPDATE-SINGLE-ANNOTATED-BRONZE	Bronze	2887	spectra/specs_ms.pklbin	lib-00005.mgf	0.751088	GNPS-SELLECKCHEM-FDA-PART1	1985.32	291.08799999999997	4.60278	9	0.00500488	1087.36	1087.35	1	spectra/specs_ms.pklbin2887	1		1	1	C27H29NO11	AOJJSUZBOXZQNB-TZSSRYMLSA-N	AOJJSUZBOXZQNB	N/A	N/A	N/A	Polycyclic aromatic polyketides	Anthracyclines	Polyketides
CCMSLIB00000424740	Sodium Formate	LC-ESI	qTof	Crude	PDorrestein	AMelnik	M+H	1110.78	68.007	0	 	 	 	 	 	3	Positive	UPDATE-SINGLE-ANNOTATED-BRONZE	Bronze	2891	spectra/specs_ms.pklbin	lib-00045.mgf	0.708391	GNPS-LIBRARY	56985.6	722.7439999999999	7.14324	8	0.00793457	1110.78	1110.79	1	spectra/specs_ms.pklbin2891	1		0	0	N/A	N/A	N/A	N/A	N/A	N/A	N/A	N/A	N/A
CCMSLIB00000424742	Sodium Formate	LC-ESI	qTof	Crude	PDorrestein	AMelnik	M+H	1178.77	68.007	0	 	 	 	 	 	3	Positive	UPDATE-SINGLE-ANNOTATED-BRONZE	Bronze	2895	spectra/specs_ms.pklbin	lib-00045.mgf	0.826247	GNPS-LIBRARY	56974.9	724.995	5.07431	9	0.00598145	1178.77	1178.78	1	spectra/specs_ms.pklbin2895	1		0	0	N/A	N/A	N/A	N/A	N/A	N/A	N/A	N/A	N/A
CCMSLIB00004721767	CYCLOSPORINE	N/A	ESI-QFT	isolated	MoNA	MoNA:VF-NPL-QEHF028186	[M+H]+	1202.85	0.0	1	N/A	N/A	C/C=C/C[C@@H](C)[C@@H](O)C1C(O)=NC(CC)C(=O)N(C)CC(=O)N(C)C(CC(C)C)C(O)=NC(C(C)C)C(=O)N(C)C(CC(C)C)C(O)=NC(C)C(O)=NC(C)C(=O)N(C)C(CC(C)C)C(=O)N(C)C(CC(C)C)C(=O)N(C)C(C(C)C)C(=O)N1C	InChI=1S/C62H111N11O12/c1-25-27-28-40(15)52(75)51-56(79)65-43(26-2)58(81)67(18)33-48(74)68(19)44(29-34(3)4)55(78)66-49(38(11)12)61(84)69(20)45(30-35(5)6)54(77)63-41(16)53(76)64-42(17)57(80)70(21)46(31-36(7)8)59(82)71(22)47(32-37(9)10)60(83)72(23)50(39(13)14)62(85)73(51)24/h25,27,34-47,49-52,75H,26,28-33H2,1-24H3,(H,63,77)(H,64,76)(H,65,79)(H,66,78)/b27-25+/t40-,41?,42?,43?,44?,45?,46?,47?,49?,50?,51?,52-/m1/s1	N/A	3	positive	UPDATE-SINGLE-ANNOTATED-BRONZE	Bronze	2896	spectra/specs_ms.pklbin	lib-00003.mgf	0.894983	MONA	20597.0	632.275	0.811874	31	0.0009765619999999999	1202.85	1202.85	1	spectra/specs_ms.pklbin2896	1		0	0	C62H111N11O12	PMATZTZNYRCHOR-KMSBSJHKSA-N	PMATZTZNYRCHOR	N/A	N/A	N/A	Oligopeptides	Cyclic peptides	Amino acids and Peptides
CCMSLIB00004721779	CYCLOSPORINE	N/A	ESI-QFT	isolated	MoNA	MoNA:VF-NPL-QEHF028198	[M+NH4]+	1219.88	0.0	1	N/A	N/A	C/C=C/C[C@@H](C)[C@@H](O)C1C(O)=NC(CC)C(=O)N(C)CC(=O)N(C)C(CC(C)C)C(O)=NC(C(C)C)C(=O)N(C)C(CC(C)C)C(O)=NC(C)C(O)=NC(C)C(=O)N(C)C(CC(C)C)C(=O)N(C)C(CC(C)C)C(=O)N(C)C(C(C)C)C(=O)N1C	InChI=1S/C62H111N11O12/c1-25-27-28-40(15)52(75)51-56(79)65-43(26-2)58(81)67(18)33-48(74)68(19)44(29-34(3)4)55(78)66-49(38(11)12)61(84)69(20)45(30-35(5)6)54(77)63-41(16)53(76)64-42(17)57(80)70(21)46(31-36(7)8)59(82)71(22)47(32-37(9)10)60(83)72(23)50(39(13)14)62(85)73(51)24/h25,27,34-47,49-52,75H,26,28-33H2,1-24H3,(H,63,77)(H,64,76)(H,65,79)(H,66,78)/b27-25+/t40-,41?,42?,43?,44?,45?,46?,47?,49?,50?,51?,52-/m1/s1	N/A	3	positive	UPDATE-SINGLE-ANNOTATED-BRONZE	Bronze	2898	spectra/specs_ms.pklbin	lib-00003.mgf	0.8062189999999999	MONA	17431.1	633.1519999999999	3.30223	27	0.00402832	1219.88	1219.88	1	spectra/specs_ms.pklbin2898	1		0	0	C62H111N11O12	PMATZTZNYRCHOR-KMSBSJHKSA-N	PMATZTZNYRCHOR	N/A	N/A	N/A	Oligopeptides	Cyclic peptides	Amino acids and Peptides
CCMSLIB00010109865	cyclosporine CollisionEnergy:102040	LC-ESI	Orbitrap	Commercial	Trent Northen	JGI	M+Na	1224.83	0.0	1	N/A	N/A	CC=CCC(C)C(O)C1C(O)=NC(CC)C(=O)N(C)CC(=O)N(C)C(CC(C)C)C(O)=NC(C(C)C)C(=O)N(C)C(CC(C)C)C(O)=NC(C)C(O)=NC(C)C(=O)N(C)C(CC(C)C)C(=O)N(C)C(CC(C)C)C(=O)N(C)C(C(C)C)C(=O)N1C	"""InChI=1S/C62H111N11O12/c1-25-27-28-40(15)52(75)51-56(79)65-43(26-2)58(81)67(18)33-48(74)68(19)44(29-34(3)4)55(78)66-49(38(11)12)61(84)69(20)45(30-35(5)6)54(77)63-41(16)53(76)64-42(17)57(80)70(21)46(31-36(7)8)59(82)71(22)47(32-37(9)10)60(83)72(23)50(39(13)14)62(85)73(51)24/h25,27,34-47,49-52,75H,26,28-33H2,1-24H3,(H,63,77)(H,64,76)(H,65,79)(H,66,78)/b27-25+/t40-,41?,42-,43?,44?,45?,46?,47?,49?,50?,51?,52-/m1/s1"""	N/A	3	Positive	UPDATE-SINGLE-ANNOTATED-BRONZE	Bronze	2899	spectra/specs_ms.pklbin	lib-00011.mgf	0.901517	BERKELEY-LAB	24338.9	631.664	0.896968	53	0.00109863	1224.83	1224.83	1	spectra/specs_ms.pklbin2899	1		0	0	C62H111N11O12	PMATZTZNYRCHOR-UHFFFAOYSA-N	PMATZTZNYRCHOR	N/A	N/A	N/A	Oligopeptides	Cyclic peptides	Amino acids and Peptides
CCMSLIB00011905971	Daidzein	ESI	Orbitrap	Isolated	Daniel Petras	"""Christian Geibel, Giovanni Andrea Vitale"""	M+H	255.065	254.058	1	N/A	N/A	C1=CC(=CC=C1C2=COC3=C(C2=O)C=CC(=C3)O)O	InChI=1S/C15H10O4/c16-10-3-1-9(2-4-10)13-8-19-14-7-11(17)5-6-12(14)15(13)18/h1-8,16-17H	N/A	1	Positive	UPDATE-SINGLE-ANNOTATED-GOLD	Gold	355	spectra/specs_ms.pklbin	lib-00028.mgf	0.911099	TUEBINGEN-NATURAL-PRODUCT-COLLECTION	11331.3	338.81800000000004	0.0	9	0.0	255.065	255.065	1	spectra/specs_ms.pklbin355	1		37	2128	C15H10O4	ZQSIJRDFPHDXIC-UHFFFAOYSA-N	ZQSIJRDFPHDXIC	N/A	N/A	N/A	Isoflavonoids	Isoflavones	Shikimates and Phenylpropanoids
CCMSLIB00003139755	Spectral Match to Palmitelaidic acid from NIST14	ESI	HCD	Isolated	Data from Wolfender/Litaudon	Data deposited by pmallard	M+H	255.232	0.0	1	10030736	N/A	N/A	N/A	N/A	3	Positive	UPDATE-SINGLE-ANNOTATED-BRONZE	Bronze	364	spectra/specs_ms.pklbin	lib-00018.mgf	0.873942	GNPS-NIST14-MATCHES	1747.62	606.595	0.0	6	0.0	255.232	255.232	1	spectra/specs_ms.pklbin364	1		77	4549	N/A	N/A	N/A	N/A	N/A	N/A	N/A	N/A	N/A
CCMSLIB00003135927	Spectral Match to Palmitamide from NIST14	ESI	HCD	Isolated	Data from Pieter Dorrestein	Data deposited by lfnothias	M+H	256.262	0.0	1	629549	N/A	N/A	N/A	N/A	3	Positive	UPDATE-SINGLE-ANNOTATED-BRONZE	Bronze	366	spectra/specs_ms.pklbin	lib-00018.mgf	0.9963200000000001	GNPS-NIST14-MATCHES	2990.84	647.415	3.9298800000000003	11	0.00100708	256.262	256.263	1	spectra/specs_ms.pklbin366	1		101	5204	N/A	N/A	N/A	N/A	N/A	N/A	N/A	N/A	N/A
CCMSLIB00003134561	Spectral Match to Pentadecanoic acid, 14-methyl- from NIST14	ESI	qTof	Isolated	Data from Gabriel Haddad	Data deposited by mjmeehan	M+H	257.247	256.24	1	4669027	N/A	CC(C)CCCCCCCCCCCCC(=O)O	InChI=1S/C16H32O2/c1-15(2)13-11-9-7-5-3-4-6-8-10-12-14-16(17)18/h15H,3-14H2,1-2H3,(H,17,18)	N/A	3	Positive	UPDATE-SINGLE-ANNOTATED-BRONZE	Bronze	373	spectra/specs_ms.pklbin	lib-00018.mgf	0.981276	GNPS-NIST14-MATCHES	45843.3	4.589119999999999	0.0	6	0.0	257.247	257.247	1	spectra/specs_ms.pklbin373	1		2	268	C16H32O2	ZONJATNKKGGVSU-UHFFFAOYSA-N	ZONJATNKKGGVSU	N/A	N/A	N/A	Fatty Acids and Conjugates	Branched fatty acids	Fatty acids
CCMSLIB00008851482	Parthenolide [M+NH4]+	LC-ESI	Orbitrap	Commercial	Daniel Petras	Stilianos Papadopoulos Lambidis	M+NH4	266.175	0.0	1	 	 	CC1=CCCC2(C(O2)C3C(CC1)C(=C)C(=O)O3)C	InChI=1S/C15H20O3/c1-9-5-4-8-15(3)13(18-15)12-11(7-6-9)10(2)14(16)17-12/h5,11-13H,2,4,6-8H2,1,3H3	 	3	Positive	UPDATE-SINGLE-ANNOTATED-BRONZE	Bronze	392	spectra/specs_ms.pklbin	lib-00045.mgf	0.732608	GNPS-LIBRARY	8821.38	417.663	7.4524	7	0.00198364	266.175	266.173	1	spectra/specs_ms.pklbin392	1		0	0	C15H20O3	KTEXNACQROZXEV-UHFFFAOYSA-N	KTEXNACQROZXEV	N/A	N/A	N/A	Sesquiterpenoids	Germacrane sesquiterpenoids	Terpenoids
CCMSLIB00003137189	Spectral Match to Tributyl phosphate from NIST14	ESI	QqQ	Isolated	Data from Wolfender/Litaudon	Data deposited by pmallard	M+H	267.172	0.0	1	126738	N/A	N/A	N/A	N/A	3	Positive	UPDATE-SINGLE-ANNOTATED-BRONZE	Bronze	396	spectra/specs_ms.pklbin	lib-00018.mgf	0.96091	GNPS-NIST14-MATCHES	2945.16	590.928	0.0	7	0.0	267.172	267.172	1	spectra/specs_ms.pklbin396	1		99	4456	N/A	N/A	N/A	N/A	N/A	N/A	N/A	N/A	N/A
CCMSLIB00005743992	Massbank:PR301948 Genistein	ESI	qTof	Isolated	Massbank	Massbank	M+H	271.06	0.0	1	N/A	N/A	OC1=CC=C(C=C1)C1=COC2=CC(O)=CC(O)=C2C1=O	1S/C15H10O5/c16-9-3-1-8(2-4-9)11-7-20-13-6-10(17)5-12(18)14(13)15(11)19/h1-7,16-18H	N/A	3	Positive	UPDATE-SINGLE-ANNOTATED-BRONZE	Bronze	410	spectra/specs_ms.pklbin	lib-00050.mgf	0.818886	MASSBANK	8622.52	404.96	0.0	7	0.0	271.06	271.06	1	spectra/specs_ms.pklbin410	1		0	0	C15H10O5	TZBJGXHYKVUXJN-UHFFFAOYSA-N	TZBJGXHYKVUXJN	N/A	N/A	N/A	Isoflavonoids	Isoflavones	Shikimates and Phenylpropanoids
CCMSLIB00005761025	Massbank:LU030804 Lauryldiethanolamine|2-[dodecyl(2-hydroxyethyl)amino]ethanol	ESI	Hybrid FT	Isolated	Massbank	Massbank	M+H	274.274	0.0	1	1541-67-9	N/A	CCCCCCCCCCCCN(CCO)CCO	1S/C16H35NO2/c1-2-3-4-5-6-7-8-9-10-11-12-17(13-15-18)14-16-19/h18-19H,2-16H2,1H3	N/A	3	Positive	UPDATE-SINGLE-ANNOTATED-BRONZE	Bronze	421	spectra/specs_ms.pklbin	lib-00050.mgf	0.952943	MASSBANK	155807.0	418.47	0.0	8	0.0	274.274	274.274	1	spectra/specs_ms.pklbin421	1		0	0	C16H35NO2	NKFNBVMJTSYZDV-UHFFFAOYSA-N	NKFNBVMJTSYZDV	N/A	N/A	N/A	Fatty acyls|Fatty amides	Fatty alcohols|N-acyl ethanolamines (endocannabinoids)	Fatty acids
CCMSLIB00003134504	Spectral Match to 2-Butanone, 4-(2,6,6-trimethyl-2-cyclohexen-1-yl)- from NIST14	ESI	qTof	Isolated	Data from Wolfender/Litaudon	Data deposited by pmallard	M+H-H2O	177.164	194.167	1	31499726	N/A	CC1=CCCC(C1CCC(=O)C)(C)C	InChI=1S/C13H22O/c1-10-6-5-9-13(3,4)12(10)8-7-11(2)14/h6,12H,5,7-9H2,1-4H3	N/A	3	Positive	UPDATE-SINGLE-ANNOTATED-BRONZE	Bronze	43	spectra/specs_ms.pklbin	lib-00018.mgf	0.9375690000000001	GNPS-NIST14-MATCHES	4000.0	434.726	0.0	6	0.0	177.164	177.16400000000002	1	spectra/specs_ms.pklbin43	1		48	3784	C13H22O	JHJCHCSUEGPIGE-UHFFFAOYSA-N	JHJCHCSUEGPIGE	N/A	N/A	N/A	Apocarotenoids	Apocarotenoids(ε-)	Terpenoids
CCMSLIB00003138727	Spectral Match to Dibutyl phthalate from NIST14	ESI	QqQ	Isolated	Data from Pieter Dorrestein	Data deposited by lfnothias	M+H	279.158	0.0	1	84742	N/A	N/A	N/A	N/A	3	Positive	UPDATE-SINGLE-ANNOTATED-BRONZE	Bronze	431	spectra/specs_ms.pklbin	lib-00018.mgf	0.7220840000000001	GNPS-NIST14-MATCHES	6740.15	467.32599999999996	10.8227	7	0.00302124	279.158	279.161	1	spectra/specs_ms.pklbin431	1		173	12933	N/A	N/A	N/A	N/A	N/A	N/A	N/A	N/A	N/A
CCMSLIB00003135493	Spectral Match to 9-Octadecenamide, (Z)- from NIST14	ESI	qTof	Isolated	Data from Wolfender/Litaudon	Data deposited by pmallard	M+H	282.279	281.272	1	301020	N/A	CCCCCCCC/C=C\CCCCCCCC(=O)N	InChI=1S/C18H35NO/c1-2-3-4-5-6-7-8-9-10-11-12-13-14-15-16-17-18(19)20/h9-10H,2-8,11-17H2,1H3,(H2,19,20)/b10-9-	N/A	3	Positive	UPDATE-SINGLE-ANNOTATED-BRONZE	Bronze	439	spectra/specs_ms.pklbin	lib-00018.mgf	0.8813709999999999	GNPS-NIST14-MATCHES	5426.65	603.6469999999999	0.0	7	0.0	282.279	282.279	1	spectra/specs_ms.pklbin439	1		157	10649	C18H35NO	FATBGEAMYMYZAF-KTKRTIGZSA-N	FATBGEAMYMYZAF	N/A	N/A	N/A	Fatty amides	Primary amides	Fatty acids
CCMSLIB00005883366	METHYL VANILLATE - 40.0 eV	ESI	Orbitrap	Isolated	Madeleine Ernst	Anna Abrahamsson	M+H	183.065	0.0	1	3943-74-6	N/A	COC(=O)C1=CC(OC)=C(O)C=C1	InChI=1S/C9H10O4/c1-12-8-5-6(9(11)13-2)3-4-7(8)10/h3-5,10H,1-2H3	N/A	1	Positive	UPDATE-SINGLE-ANNOTATED-GOLD	Gold	51	spectra/specs_ms.pklbin	lib-00045.mgf	0.88523	GNPS-LIBRARY	31429.1	253.321	409.67400000000004	7	0.07499689999999999	183.065	182.99	1	spectra/specs_ms.pklbin51	1		0	0	C9H10O4	BVWTXUYLKBHMOX-UHFFFAOYSA-N	BVWTXUYLKBHMOX	N/A	N/A	N/A	Phenolic acids (C6-C1)	Simple phenolic acids	Shikimates and Phenylpropanoids
CCMSLIB00009918376	Terbinafine [M+H]+	LC-ESI	Orbitrap	Commercial	Daniel Petras	Paolo Stincone	M+H	292.206	0.0	1	 	 	CC(C)(C)C#CC=CCN(C)CC1=CC=CC2=CC=CC=C21	InChI=1S/C21H25N/c1-21(2,3)15-8-5-9-16-22(4)17-19-13-10-12-18-11-6-7-14-20(18)19/h5-7,9-14H,16-17H2,1-4H3	 	3	Positive	UPDATE-SINGLE-ANNOTATED-BRONZE	Bronze	562	spectra/specs_ms.pklbin	lib-00045.mgf	0.9952270000000001	GNPS-LIBRARY	82895.8	388.681	0.0	10	0.0	292.206	292.20599999999996	1	spectra/specs_ms.pklbin562	1		0	0	C5H12	DOMXUEMWDBAQBQ-UHFFFAOYSA-N	DOMXUEMWDBAQBQ	N/A	N/A	N/A	Fatty acyls	Hydrocarbons	Fatty acids
CCMSLIB00003137637	Spectral Match to 1-Hexadecylpyridinium from NIST14	ESI	QqQ	Isolated	Data from Pieter Dorrestein	Data deposited by lfnothias	Cat	304.299	0.0	1	7773526	N/A	N/A	N/A	N/A	3	Positive	UPDATE-SINGLE-ANNOTATED-BRONZE	Bronze	674	spectra/specs_ms.pklbin	lib-00018.mgf	0.961226	GNPS-NIST14-MATCHES	70807.3	643.9490000000001	3.20922	6	0.0009765619999999999	304.299	304.3	1	spectra/specs_ms.pklbin674	1		12	237	N/A	N/A	N/A	N/A	N/A	N/A	N/A	N/A	N/A
CCMSLIB00010102180	GA3 (GIBBERELLIC ACID) CollisionEnergy:102040	LC-ESI	Orbitrap	Commercial	Trent Northen	JGI	M-2H2O+H	311.128	346.142	1	N/A	N/A	C[C@@]12[C@H](C=C[C@@]3([C@@H]1[C@@H]([C@]45[C@H]3CC[C@](C4)(C(=C)C5)O)C(=O)O)OC2=O)O	"""InChI=1S/C19H22O6/c1-9-7-17-8-18(9,24)5-3-10(17)19-6-4-11(20)16(2,15(23)25-19)13(19)12(17)14(21)22/h4,6,10-13,20,24H,1,3,5,7-8H2,2H3,(H,21,22)/t10-,11+,12-,13-,16-,17+,18+,19-/m1/s1"""	N/A	3	Positive	UPDATE-SINGLE-ANNOTATED-BRONZE	Bronze	723	spectra/specs_ms.pklbin	lib-00011.mgf	0.717306	BERKELEY-LAB	8180.04	123.363	96.4194	8	0.0299988	311.128	311.158	1	spectra/specs_ms.pklbin723	1		0	0	C19H22O6	IXORZMNAPKEEDV-OBDJNFEBSA-N	IXORZMNAPKEEDV	N/A	N/A	N/A	Diterpenoids	Gibberellins	Terpenoids
CCMSLIB00013579939	7-Oxodehydroabietic acid	LC-ESI	Orbitrap	Isolated	Wolfender	Olivier Kirchhoffer	M+H	315.195	0.0	1	 	 	CC(C)C1=CC=C(C2(C)C(CC3=O)C(C(O)=O)(C)CCC2)C3=C1	InChI=1S/C20H26O3/c1-12(2)13-6-7-15-14(10-13)16(21)11-17-19(15,3)8-5-9-20(17,4)18(22)23/h6-7,10,12,17H,5,8-9,11H2,1-4H3,(H,22,23)	MSWJSDLNPCSSNW-UHFFFAOYSA-N	3	Positive	UPDATE-SINGLE-ANNOTATED-BRONZE	Bronze	741	spectra/specs_ms.pklbin	lib-00045.mgf	0.896322	GNPS-LIBRARY	3881.02	589.594	1.54914	9	0.00048828099999999997	315.195	315.195	1	spectra/specs_ms.pklbin741	1		0	0	C20H26O3	MSWJSDLNPCSSNW-UHFFFAOYSA-N	MSWJSDLNPCSSNW	N/A	N/A	N/A	Diterpenoids	Podocarpane diterpenoids	Terpenoids
CCMSLIB00013579934	7-Oxo-13beta-hydroxyabiet-8(14)-en-18-oic acid	LC-ESI	Orbitrap	Isolated	Wolfender	Olivier Kirchhoffer	M+H-H2O	317.211	0.0	1	 	 	O=C(C1(CCCC2(C3C(C(CC12)=O)=CC(CC3)(C(C)C)O)C)C)O	InChI=1S/C20H30O4/c1-12(2)20(24)9-6-14-13(11-20)15(21)10-16-18(14,3)7-5-8-19(16,4)17(22)23/h11-12,14,16,24H,5-10H2,1-4H3,(H,22,23)	UFEHYRPBLFGEJW-UHFFFAOYSA-N	3	Positive	UPDATE-SINGLE-ANNOTATED-BRONZE	Bronze	751	spectra/specs_ms.pklbin	lib-00045.mgf	0.75054	GNPS-LIBRARY	11658.6	468.54400000000004	0.673441	13	0.000213623	317.211	317.211	1	spectra/specs_ms.pklbin751	1		0	0	C20H30O4	UFEHYRPBLFGEJW-UHFFFAOYSA-N	UFEHYRPBLFGEJW	N/A	N/A	N/A	Diterpenoids	Abietane diterpenoids	Terpenoids
CCMSLIB00004691889	Dechlorogriseofulvin	N/A	ESI-QFT	isolated	MoNA	MoNA:VF-NPL-QEHF000826	[M+H]+	319.118	0.0	1	N/A	N/A	COC1=CC(=O)CC(C)C12Oc1cc(OC)cc(OC)c1C2=O	InChI=1S/C17H18O6/c1-9-5-10(18)6-14(22-4)17(9)16(19)15-12(21-3)7-11(20-2)8-13(15)23-17/h6-9H,5H2,1-4H3	N/A	3	positive	UPDATE-SINGLE-ANNOTATED-BRONZE	Bronze	758	spectra/specs_ms.pklbin	lib-00003.mgf	0.896759	MONA	5579.71	414.355	0.0	7	0.0	319.118	319.118	1	spectra/specs_ms.pklbin758	1		0	0	C17H18O6	QPCYNIYZPDJCMB-UHFFFAOYSA-N	QPCYNIYZPDJCMB	N/A	N/A	N/A	Aromatic polyketides	Griseofulvins	Polyketides
CCMSLIB00011905991	Dehydrorabelomycin	ESI	Orbitrap	Isolated	Daniel Petras	"""Christian Geibel, Giovanni Andrea Vitale"""	M+H	321.076	320.068	1	N/A	N/A	CC1=CC2=CC(=C3C(=C2C(=C1)O)C(=O)C4=C(C3=O)C(=CC=C4)O)O	InChI=1S/C19H12O5/c1-8-5-9-7-13(22)16-17(14(9)12(21)6-8)18(23)10-3-2-4-11(20)15(10)19(16)24/h2-7,20-22H,1H3	N/A	1	Positive	UPDATE-SINGLE-ANNOTATED-GOLD	Gold	765	spectra/specs_ms.pklbin	lib-00028.mgf	0.8237530000000001	TUEBINGEN-NATURAL-PRODUCT-COLLECTION	2953.08	291.277	0.0	11	0.0	321.076	321.07599999999996	1	spectra/specs_ms.pklbin765	1		0	0	C19H12O5	PQVIKROZFPIERS-UHFFFAOYSA-N	PQVIKROZFPIERS	N/A	N/A	N/A	Polycyclic aromatic polyketides	Angucyclines	Polyketides
CCMSLIB00004719673	5-(1,2,4a,5-tetramethyl-7-oxo-3,4,8,8a-tetrahydro-2H-naphthalen-1-yl)-3-methylpentanoic acid	N/A	ESI-QTOF	isolated	MoNA	MoNA:VF-NPL-QTOF001912	[M+H]+	321.242	0.0	1	N/A	N/A	N/A	InChI=1S/C20H32O3/c113(1018(22)23)6819(4)14(2)7920(5)15(3)1116(21)1217(19)20/h11,1314,17H,610,12H2,15H3,(H,22,23)	N/A	3	positive	UPDATE-SINGLE-ANNOTATED-BRONZE	Bronze	766	spectra/specs_ms.pklbin	lib-00003.mgf	0.725183	MONA	2789.78	706.48	227.237	6	0.07299800000000001	321.242	321.315	1	spectra/specs_ms.pklbin766	1		4	10	N/A	N/A	N/A	N/A	N/A	N/A	N/A	N/A	N/A
CCMSLIB00003136769	Spectral Match to 2-Butanone, 4-(2,6,6-trimethyl-2-cyclohexen-1-yl)- from NIST14	ESI	Q-TOF	Isolated	Data from Wolfender/Litaudon	Data deposited by pmallard	M+H	195.174	0.0	1	31499726	N/A	N/A	N/A	N/A	3	Positive	UPDATE-SINGLE-ANNOTATED-BRONZE	Bronze	78	spectra/specs_ms.pklbin	lib-00018.mgf	0.813001	GNPS-NIST14-MATCHES	2919.58	609.56	0.0	6	0.0	195.174	195.174	1	spectra/specs_ms.pklbin78	1		48	3784	N/A	N/A	N/A	N/A	N/A	N/A	N/A	N/A	N/A
CCMSLIB00010112457	bromocriptine CollisionEnergy:102040	LC-ESI	Orbitrap	Commercial	Trent Northen	JGI	M+2H]	327.618	0.0	1	N/A	N/A	CC(C)CC1C(=O)N2CCCC2C2(O)OC(N=C(O)C3C=C4c5cccc6[nH]c(Br)c(c56)CC4N(C)C3)(C(C)C)C(=O)N12	"""InChI=1S/C32H40BrN5O5/c1-16(2)12-24-29(40)37-11-7-10-25(37)32(42)38(24)30(41)31(43-32,17(3)4)35-28(39)18-13-20-19-8-6-9-22-26(19)21(27(33)34-22)14-23(20)36(5)15-18/h6,8-9,13,16-18,23-25,34,42H,7,10-12,14-15H2,1-5H3,(H,35,39)/t18-,23-,24+,25+,31-,32+/m1/s1"""	N/A	3	Positive	UPDATE-SINGLE-ANNOTATED-BRONZE	Bronze	787	spectra/specs_ms.pklbin	lib-00011.mgf	0.7138720000000001	BERKELEY-LAB	3553.32	369.57199999999995	3.07395	9	326.60900000000004	327.618	327.617	2	spectra/specs_ms.pklbin787	1		0	0	C32H40BrN5O5	OZVBMTJYIDMWIL-UHFFFAOYSA-N	OZVBMTJYIDMWIL	N/A	N/A	N/A	Tryptophan alkaloids	Ergot alkaloids	Alkaloids
CCMSLIB00010125529	(2Z)-3-[N-(carboxymethyl)carbamoyl]prop-2-enoic acid CollisionEnergy:205060	LC-ESI	Orbitrap	Commercial	Trent Northen	JGI	M+Na	196.022	0.0	1	N/A	N/A	O=C(O)C=CC(O)=NCC(=O)O	"""InChI=1S/C6H7NO5/c8-4(1-2-5(9)10)7-3-6(11)12/h1-2H,3H2,(H,7,8)(H,9,10)(H,11,12)/b2-1-"""	N/A	3	Positive	UPDATE-SINGLE-ANNOTATED-BRONZE	Bronze	79	spectra/specs_ms.pklbin	lib-00011.mgf	0.714418	BERKELEY-LAB	17615.5	39.1932	372.397	7	0.07299800000000001	196.022	195.949	1	spectra/specs_ms.pklbin79	1		0	0	C6H7NO5	JKCBZBFTTXFZGH-UHFFFAOYSA-N	JKCBZBFTTXFZGH	N/A	N/A	N/A	Fatty Acids and Conjugates	Dicarboxylic acids	Fatty acids
CCMSLIB00010102182	GA3 (GIBBERELLIC ACID) CollisionEnergy:205060	LC-ESI	Orbitrap	Commercial	Trent Northen	JGI	M-H2O+H	329.138	346.142	1	N/A	N/A	C[C@@]12[C@H](C=C[C@@]3([C@@H]1[C@@H]([C@]45[C@H]3CC[C@](C4)(C(=C)C5)O)C(=O)O)OC2=O)O	"""InChI=1S/C19H22O6/c1-9-7-17-8-18(9,24)5-3-10(17)19-6-4-11(20)16(2,15(23)25-19)13(19)12(17)14(21)22/h4,6,10-13,20,24H,1,3,5,7-8H2,2H3,(H,21,22)/t10-,11+,12-,13-,16-,17+,18+,19-/m1/s1"""	N/A	3	Positive	UPDATE-SINGLE-ANNOTATED-BRONZE	Bronze	802	spectra/specs_ms.pklbin	lib-00011.mgf	0.845877	BERKELEY-LAB	5531.45	194.983	0.0	13	0.0	329.138	329.13800000000003	1	spectra/specs_ms.pklbin802	1		0	0	C19H22O6	IXORZMNAPKEEDV-OBDJNFEBSA-N	IXORZMNAPKEEDV	N/A	N/A	N/A	Diterpenoids	Gibberellins	Terpenoids
CCMSLIB00010102196	GA1 CollisionEnergy:205060	LC-ESI	Orbitrap	Commercial	Trent Northen	JGI	M-H2O+H	331.153	348.157	1	N/A	N/A	C[C@@]12[C@H](CC[C@@]3([C@@H]1[C@@H]([C@]45[C@H]3CC[C@](C4)(C(=C)C5)O)C(=O)O)OC2=O)O	"""InChI=1S/C19H24O6/c1-9-7-17-8-18(9,24)5-3-10(17)19-6-4-11(20)16(2,15(23)25-19)13(19)12(17)14(21)22/h10-13,20,24H,1,3-8H2,2H3,(H,21,22)/t10-,11+,12-,13-,16-,17+,18+,19-/m1/s1"""	N/A	3	Positive	UPDATE-SINGLE-ANNOTATED-BRONZE	Bronze	811	spectra/specs_ms.pklbin	lib-00011.mgf	0.859504	BERKELEY-LAB	2864.9	240.638	2.9489799999999997	10	0.0009765619999999999	331.153	331.154	1	spectra/specs_ms.pklbin811	1		0	0	C19H24O6	JLJLRLWOEMWYQK-OBDJNFEBSA-N	JLJLRLWOEMWYQK	N/A	N/A	N/A	Diterpenoids	Gibberellins	Terpenoids
CCMSLIB00010109246	Andrographolide CollisionEnergy:102040	LC-ESI	Orbitrap	Commercial	Trent Northen	JGI	M+H-H2O	333.206	0.0	1	N/A	N/A	C=C1CCC2C(C)(CO)C(O)CCC2(C)C1CC=C1C(=O)OCC1O	"""InChI=1S/C20H30O5/c1-12-4-7-16-19(2,9-8-17(23)20(16,3)11-21)14(12)6-5-13-15(22)10-25-18(13)24/h5,14-17,21-23H,1,4,6-11H2,2-3H3/b13-5-"""	N/A	3	Positive	UPDATE-SINGLE-ANNOTATED-BRONZE	Bronze	820	spectra/specs_ms.pklbin	lib-00011.mgf	0.837298	BERKELEY-LAB	2759.98	342.55400000000003	0.0	12	0.0	333.206	333.20599999999996	1	spectra/specs_ms.pklbin820	1		0	0	C20H30O5	BOJKULTULYSRAS-UHFFFAOYSA-N	BOJKULTULYSRAS	N/A	N/A	N/A	Diterpenoids	Labdane diterpenoids	Terpenoids
CCMSLIB00010123530	cotinine CollisionEnergy:205060	LC-ESI	Orbitrap	Commercial	Trent Northen	JGI	M+Na	199.084	0.0	1	N/A	N/A	CN1C(=O)CCC1c1cccnc1	"""InChI=1S/C10H12N2O/c1-12-9(4-5-10(12)13)8-3-2-6-11-7-8/h2-3,6-7,9H,4-5H2,1H3/t9-/m0/s1"""	N/A	3	Positive	UPDATE-SINGLE-ANNOTATED-BRONZE	Bronze	83	spectra/specs_ms.pklbin	lib-00011.mgf	0.8486959999999999	BERKELEY-LAB	107118.0	11.7579	467.151	6	0.0930023	199.084	199.17700000000002	1	spectra/specs_ms.pklbin83	1		0	0	C10H12N2O	UIKROCXWUNQSPJ-UHFFFAOYSA-N	UIKROCXWUNQSPJ	N/A	N/A	N/A	Nicotinic acid alkaloids|Ornithine alkaloids	Pyridine alkaloids|Pyrrolidine alkaloids	Alkaloids
CCMSLIB00004715803	methyl (1R,18R)-17-ethyl-3,13-diazapentacyclo[13.3.1.0²,¹?.0?,?.0¹³,¹?]nonadeca-2(10),4(9),5,7,16-pentaene-1-carboxylate	N/A	ESI-QFT	isolated	MoNA	MoNA:VF-NPL-QEHF024740	[M+H]+	337.191	0.0	1	N/A	N/A	CCC1=CC2CN3CCc4c([nH]c5ccccc45)[C@@](C(=O)OC)(C2)[C@@H]13	InChI=1S/C21H24N2O2/c1-3-14-10-13-11-21(20(24)25-2)18-16(8-9-23(12-13)19(14)21)15-6-4-5-7-17(15)22-18/h4-7,10,13,19,22H,3,8-9,11-12H2,1-2H3/t13?,19-,21+/m1/s1	N/A	3	positive	UPDATE-SINGLE-ANNOTATED-BRONZE	Bronze	840	spectra/specs_ms.pklbin	lib-00003.mgf	0.7164590000000001	MONA	2971.63	279.106	2.98668	6	0.00100708	337.191	337.19	1	spectra/specs_ms.pklbin840	1		0	0	C21H24N2O2	CMKFQVZJOWHHDV-QYWJTTNJSA-N	CMKFQVZJOWHHDV	N/A	N/A	N/A	Tryptophan alkaloids	Iboga type	Alkaloids
CCMSLIB00008851508	Catharanthine [M+H]+	LC-ESI	Orbitrap	Commercial	Daniel Petras	Paolo Stincone	M+H	337.191	0.0	1	 	 	CCC1=CC2CC3(C1N(C2)CCC4=C3NC5=CC=CC=C45)C(=O)OC	InChI=1S/C21H24N2O2/c1-3-14-10-13-11-21(20(24)25-2)18-16(8-9-23(12-13)19(14)21)15-6-4-5-7-17(15)22-18/h4-7,10,13,19,22H,3,8-9,11-12H2,1-2H3	 	3	Positive	UPDATE-SINGLE-ANNOTATED-BRONZE	Bronze	841	spectra/specs_ms.pklbin	lib-00045.mgf	0.9746969999999999	GNPS-LIBRARY	42906.0	274.632	0.0	9	0.0	337.191	337.191	1	spectra/specs_ms.pklbin841	1		0	0	C21H24N2O2	CMKFQVZJOWHHDV-UHFFFAOYSA-N	CMKFQVZJOWHHDV	N/A	N/A	N/A	Tryptophan alkaloids	Iboga type	Alkaloids
CCMSLIB00003134511	Spectral Match to 13-Docosenamide, (Z)- from NIST14	ESI	QQQ	Isolated	Data from Piel	Data deposited by eriche	M+H	338.341	337.335	1	112845	N/A	CCCCCCCC/C=C\CCCCCCCCCCCC(=O)N	InChI=1S/C22H43NO/c1-2-3-4-5-6-7-8-9-10-11-12-13-14-15-16-17-18-19-20-21-22(23)24/h9-10H,2-8,11-21H2,1H3,(H2,23,24)/b10-9-	N/A	3	Positive	UPDATE-SINGLE-ANNOTATED-BRONZE	Bronze	847	spectra/specs_ms.pklbin	lib-00018.mgf	0.88875	GNPS-NIST14-MATCHES	59951.6	666.0889999999999	2.9765200000000003	8	0.00100708	338.341	338.342	1	spectra/specs_ms.pklbin847	1		345	29203	C22H43NO	UAUDZVJPLUQNMU-KTKRTIGZSA-N	UAUDZVJPLUQNMU	N/A	N/A	N/A	Fatty amides	Primary amides	Fatty acids
CCMSLIB00004694098	Griseofulvic Acid	N/A	ESI-QFT	isolated	MoNA	MoNA:VF-NPL-QEHF003035	[M+H]+	339.063	0.0	1	N/A	N/A	COc1cc(OC)c2c(c1Cl)OC1(C2=O)C(O)=CC(=O)CC1C	InChI=1S/C16H15ClO6/c1-7-4-8(18)5-11(19)16(7)15(20)12-9(21-2)6-10(22-3)13(17)14(12)23-16/h5-7,19H,4H2,1-3H3	N/A	3	positive	UPDATE-SINGLE-ANNOTATED-BRONZE	Bronze	848	spectra/specs_ms.pklbin	lib-00003.mgf	0.9206709999999999	MONA	2985.78	415.145	0.0	9	0.0	339.063	339.06300000000005	1	spectra/specs_ms.pklbin848	1		0	0	C16H15ClO6	KUTVEHNZHKAAAO-UHFFFAOYSA-N	KUTVEHNZHKAAAO	N/A	N/A	N/A	Aromatic polyketides	Griseofulvins	Polyketides
CCMSLIB00000572353	MoNA:606042 7-[(2-amino-1-oxo-2-phenylethyl)amino]-3-methyl-8-oxo-5-thia-1-azabicyclo[4.2.0]oct-2-ene-2-carboxylic acid	LC-ESI	qTof	Isolated	MoNA	MoNA	M+H	348.101	347.094	1	N/A	N/A	CC1=C(N2C(C(C2=O)NC(=O)C(C3=CC=CC=C3)N)SC1)C(=O)O	InChI=1S/C16H17N3O4S/c1-8-7-24-15-11(14(21)19(15)12(8)16(22)23)18-13(20)10(17)9-5-3-2-4-6-9/h2-6,10-11,15H,7,17H2,1H3,(H,18,20)(H,22,23)	N/A	3	Positive	UPDATE-SINGLE-ANNOTATED-BRONZE	Bronze	887	spectra/specs_ms.pklbin	lib-00003.mgf	0.944254	MONA	5776.14	143.906	0.0	10	0.0	348.101	348.101	1	spectra/specs_ms.pklbin887	1		0	0	C16H17N3O4S	ZAIPMKNFIOOWCQ-UHFFFAOYSA-N	ZAIPMKNFIOOWCQ	N/A	N/A	N/A	β-lactams	Cephalosporins	Amino acids and Peptides
CCMSLIB00005727131	Massbank:AC000511 Griseofulvin|Amudane, Fulvicin, Grisactin|(2S,5'R)-7-chloro-3',4,6-trimethoxy-5'-methylspiro[1-benzofuran-2,4'-cyclohex-2-ene]-1',3-dione	ESI	Hybrid FT	Isolated	Massbank	Massbank	M+H	353.078	0.0	1	126-07-8	N/A	C[C@@H]1CC(=O)C=C([C@]12C(=O)C3=C(O2)C(=C(C=C3OC)OC)Cl)OC	1S/C17H17ClO6/c1-8-5-9(19)6-12(23-4)17(8)16(20)13-10(21-2)7-11(22-3)14(18)15(13)24-17/h6-8H,5H2,1-4H3/t8-,17+/m1/s1	N/A	3	Positive	UPDATE-SINGLE-ANNOTATED-BRONZE	Bronze	912	spectra/specs_ms.pklbin	lib-00050.mgf	0.9690280000000001	MASSBANK	43380.7	461.186	0.0	6	0.0	353.078	353.07800000000003	1	spectra/specs_ms.pklbin912	1		0	0	C17H17ClO6	DDUHZTYCFQRHIY-RBHXEPJQSA-N	DDUHZTYCFQRHIY	N/A	N/A	N/A	Aromatic polyketides	Griseofulvins	Polyketides
CCMSLIB00004715877	(1S,3R,4S,5R)-4-{[(2E)-3-(3,4-dihydroxyphenyl)prop-2-enoyl]oxy}-1,3,5-trihydroxycyclohexane-1-carboxylic acid	N/A	ESI-QFT	isolated	MoNA	MoNA:VF-NPL-QEHF024814	[M+H]+	355.102	0.0	1	N/A	N/A	O=C(/C=C/c1ccc(O)c(O)c1)O[C@H]1[C@H](O)C[C@](O)(C(=O)O)C[C@H]1O	InChI=1S/C16H18O9/c17-9-3-1-8(5-10(9)18)2-4-13(21)25-14-11(19)6-16(24,15(22)23)7-12(14)20/h1-5,11-12,14,17-20,24H,6-7H2,(H,22,23)/b4-2+/t11-,12-,14-,16+/m1/s1	N/A	3	positive	UPDATE-SINGLE-ANNOTATED-BRONZE	Bronze	926	spectra/specs_ms.pklbin	lib-00003.mgf	0.8836950000000001	MONA	45854.6	6.49425	90.0655	6	0.0319824	355.102	355.07	1	spectra/specs_ms.pklbin926	1		0	0	C16H18O9	GYFFKZTYYAFCTR-JUHZACGLSA-N	GYFFKZTYYAFCTR	N/A	N/A	N/A	Phenylpropanoids (C6-C3)	Cinnamic acids and derivatives	Shikimates and Phenylpropanoids
CCMSLIB00005768105	Massbank:NA002777 Yohimbine|methyl (1S,15R,18S,19R,20S)-18-hydroxy-1,3,11,12,14,15,16,17,18,19,20,21-dodecahydroyohimban-19-carboxylate	ESI	Hybrid FT	Isolated	Massbank	Massbank	M+H	355.202	0.0	1	146-48-5	N/A	COC(=O)[C@H]1[C@H](CC[C@@H]2[C@@H]1C[C@H]3c4c(c5ccccc5[nH]4)CCN3C2)O	1S/C21H26N2O3/c1-26-21(25)19-15-10-17-20-14(13-4-2-3-5-16(13)22-20)8-9-23(17)11-12(15)6-7-18(19)24/h2-5,12,15,17-19,22,24H,6-11H2,1H3/t12-,15-,17-,18-,19+/m0/s1	N/A	3	Positive	UPDATE-SINGLE-ANNOTATED-BRONZE	Bronze	929	spectra/specs_ms.pklbin	lib-00050.mgf	0.97659	MASSBANK	11800.0	211.15400000000002	2.83523	10	0.00100708	355.202	355.20099999999996	1	spectra/specs_ms.pklbin929	1		0	0	C21H26N2O3	BLGXFZZNTVWLAY-SCYLSFHTSA-N	BLGXFZZNTVWLAY	N/A	N/A	N/A	Tryptophan alkaloids	Yohimbine-like alkaloids	Alkaloids
CCMSLIB00008851509	Carfilzomib [M+2H]+	LC-ESI	Orbitrap	Commercial	Daniel Petras	Paolo Stincone	M+2H	360.719	0.0	2	 	 	CC(C)CC(C(=O)C1(CO1)C)NC(=O)C(CC2=CC=CC=C2)NC(=O)C(CC(C)C)NC(=O)C(CCC3=CC=CC=C3)NC(=O)CN4CCOCC4	InChI=1S/C40H57N5O7/c1-27(2)22-32(36(47)40(5)26-52-40)42-39(50)34(24-30-14-10-7-11-15-30)44-38(49)33(23-28(3)4)43-37(48)31(17-16-29-12-8-6-9-13-29)41-35(46)25-45-18-20-51-21-19-45/h6-15,27-28,31-34H,16-26H2,1-5H3,(H,41,46)(H,42,50)(H,43,48)(H,44,49)	 	3	Positive	UPDATE-SINGLE-ANNOTATED-BRONZE	Bronze	983	spectra/specs_ms.pklbin	lib-00045.mgf	0.9408610000000001	GNPS-LIBRARY	5843.2	452.413	2.79187	19	0.00201416	360.719	360.72	2	spectra/specs_ms.pklbin983	1		0	0	C40H57N5O7	BLMPQMFVWMYDKT-UHFFFAOYSA-N	BLMPQMFVWMYDKT	N/A	N/A	N/A	Small peptides	Tripeptides	Amino acids and Peptides
